Rating, Review
10.0,Tuyet. phÃ²ng sáº¡ch sáº½^ nhÃ¢n viÃªn thÃ¢n thiá»‡n
4.8,NhÃ¢n viÃªn khÃ´ng chuyÃªn nghiá»‡p cÃ³ pháº§n muá»‘n Äƒn thÃªm tiá»n cá»§a khÃ¡ch hÃ ng . LÃºc chÃºng tÃ´i Ä‘i ra ngoÃ i chÆ¡i thÃ¬ cÃ³ cÃ´ lao cÃ´ng vÃ o dá»n dáº¹p phÃ²ng^ lÃºc tÃ´i nháº­n Ä‘Æ°á»£c phÃ²ng thÃ¬ cÃ¢y quáº¡t nÃ³ bá»‹ káº¹t á»Ÿ tá»§ tÃ´i kÃ©o ra xong má»™t há»“i thÃ¬ nÃ³ bÃ³c khÃ³i vÃ  hÆ° cÃ¢y quáº¡t^ báº£o vá»‡ báº£o chÃºng tÃ´i lÃ  do chÃºng tÃ´i sá»­ dá»¥ng ngÃ y Ä‘Ãªm nÃªn má»›i bá»‹ hÆ° nhÆ° váº­y. NhÃ³m chÃºng tÃ´i mua Ä‘á»“ nÆ°á»›ng vá» chá»‰ mÆ°á»£n má»—i cÃ¡i lÃ²( lÃ² mÃ³p háº¿t) táº¥t cáº£ cÃ¡c dá»¥ng cá»¥ khÃ¡c chÃºng tÃ´i Ä‘á»u mua. CÃ³ chÃ©n dÄ©a Äƒn xong chÃºng tÃ´i cÅ©ng tá»± mÃ¬nh dá»n dáº¹p rá»­a chÃ©n luÃ´n nhÆ°ng váº«n bá»‹ tÃ­nh phÃ­ 100k/1 Ä‘Ãªm mÆ°á»£n lÃ² ??? Báº£o vá»‡ báº£o lÃ  tiá»n nÆ°á»›c rá»­a chÃ©n vÃ  nÆ°á»›c xáº£ ra mÃ¬nh tháº¥y há»£p lÃ½ nhÆ°ng 2 ngÃ y thÃ¬ tÃ­nh mÃ¬nh 200k ??? Ä‚n uá»‘ng mÃ  báº£o vá»‡ cá»© ngá»“i Ä‘Ã³ xá»‰a xÃ³i^ máº¥y Ä‘á»©a nÃ y Äƒn cáº£ lÃ ng cáº£ xÃ³m Äƒn gÃ¬ Äƒn quÃ i^ cá»© nÃ³i liÃªn tá»¥c bÃªn tai ráº¥t khÃ³ chá»‹u. Sáº½ khÃ´ng bao giá» quay láº¡i Ä‘Ã¢y ná»¯a máº·c dÃ¹ phÃ²ng sáº¡ch sáº½ vÃ  Ä‘áº§y Ä‘á»§ tiá»‡n nghi 
9.6,TrÃªn cáº£ tuyá»‡t vá»i. KS KHÃ OK . NGá»¦ AN TOÃ€N . Sáº CH Sáºº CHá»ˆ CÃ“ CÃI LÃ€ PHÃ’NG MÃŒNH á» KO CÃ“ TIVI AHUHU
8.0,Tá»‘t. PhÃ²ng sáº¡ch sáº½^ Äƒn sÃ¡ng ngon
7.2,KhÃ¡ch sáº¡n tá»‘t - NhÃ¢n viÃªn nhiá»‡t tÃ¬nh. Äiá»u kiá»‡n phÃ²ng nhÃ¬n chung tá»‘t. PhÃ²ng táº¯m hÆ¡i dÆ¡^ thoÃ¡t nÆ°á»›c cháº­m^ toilet cÅ© á»‘ vÃ ng nhiá»u chá»— . Äá»“ Äƒn náº¥u ngon nhÆ°ng ko ráº». NÃªn há»i giÃ¡ trÆ°á»›c khi quyáº¿t Ä‘á»‹nh Äƒn.
9.2,VÃ¢Ìƒn laÌ€ 1 nÆ¡Ìi tÃ´Ìt Ä‘ÃªÌ‰ gheÌ mÃ´Ìƒi lÃ¢Ì€n Ä‘i VuÌƒng TaÌ€u. GiaÌ caÌ‰ hÆ¡Ì£p lyÌ^ Ä‘iÌ£a Ä‘iÃªÌ‰m tÃ´Ìt. NhÃ¢n viÃªn thÃ¢n thiÃªÌ£n.
9.2,GiÃ¡ ráº»^ gáº§n khu vá»±c tÆ°á»£ng chÃºa Kito^ Äƒn uá»‘ng xung quanh tiá»‡n. GiÃ¡ ráº»^ gáº§n khu vá»±c tÆ°á»£ng chÃºa Kito^ Äƒn uá»‘ng xung quanh tiá»‡n
10.0,KhÃ¡ch sáº¡n thÃ¢n thiá»‡n. PhÃ²ng sáº¡ch sáº½^ giÃ¡ há»£p lÃ½^ cÃ´ chá»§ dá»… thÆ°Æ¡ng
10.0,Ráº¥t thÃ¢n thiá»‡n. Gáº§n biá»ƒn^ gáº§n khu Äƒn uá»‘ng^ giÃ¡ cáº£ há»£p lÃ½
10.0,KhÃ¡ch Sáº¡n tuyá»‡t vá»i. má»i ngÆ°á»i trong khÃ¡ch sáº¡n ráº¥t nhiá»‡t tÃ¬nh va chu Ä‘Ã¡o
7.6,PhÃ²ng tiá»‡n nghi nhÆ°ng Ä‘á»“ Ä‘áº¡c hay hÆ° há»ng. phÃ²ng Ä‘áº¹p^ rá»™ng rÃ£i nhÆ°ng chÆ°a Ä‘c báº£o trÃ¬ tá»‘t (cá»­a sá»• káº¹t^ khÃ´ng má»Ÿ ra Ä‘c). Vá»‹ trÃ­ tÆ°Æ¡ng Ä‘á»‘i tá»‘t (cÃ¡ch biáº¿n vÃ i phÃºt Ä‘i bá»™)
4.0,PhÃ²ng k nhÆ° hÃ¬nh áº£nh minh hoáº¡. TÃ´i Ä‘áº·t 1 phÃ²ng 3 giÆ°á»ng. NghÄ© ráº±ng phÃ²ng 3 giá»«ong sáº½ to vÃ  thoáº£i mÃ¡i. Äáº¿n khi nháº­n phÃ²ng hoÃ n toÃ n tháº¥t vá»ng. PhÃ²ng nhá» - giÆ°á»ng 2 ngÆ°á»i ngá»§ thÃ¬ nhá» chá»‰ Ä‘á»§ 1 ngÆ°á»i ngá»§. TÆ°á»ng thÃ¬ á»‘ vÃ ng . Toilet thÃ¬ dÆ¡. KhÃ¡ch sáº¡n á»Ÿ sÃ¢u trong khi dÃ¢n cÆ° háº»m nhá» xe ra vÃ o hÆ¡i cá»±c tÃ­. Chá»‰ Ä‘Æ°á»£c nhÃ¢n viÃªn nhiá»‡t tÃ¬nh dá»… chá»‹u. 
2.8,Cá»±c ká»³ tháº¥t vá»ng^ khÃ´ng bao giá» quay láº¡i. MÃ¬nh Ä‘Ã£ book phÃ²ng & tráº£ tiá»n trÆ°á»›c rá»“i. 2:30 mÃ¬nh tá»›i láº¥y phÃ²ng^ nhÃ¢n viÃªn bÃ¡o ko cÃ³ phÃ²ng do cÃ³ khÃ¡ch á»Ÿ trÆ°á»›c khÃ´ng chá»‹u vá». Há»i mÃ¬nh qua á»Ÿ phÃ²ng 2 giÆ°á»ng Ä‘Æ°á»£c ko^ sáº½ kÃª thÃªm táº¥m ná»‡m phá»¥ (trong khi mÃ¬nh thuÃª phÃ²ng 3 giÆ°á»ng lá»›n cho 6 ngÆ°á»i). MÃ¬nh ko Ä‘á»“ng Ã½ thÃ¬ kÃªu qua khÃ¡ch sáº¡n Ä‘á»‘i diá»‡n á»Ÿ (cÃ¡i Ä‘Ã³ lÃ  nhÃ  nghá»‰ chá»© ko pháº£i khÃ¡ch sáº¡n). Pháº£i nÃ³i gáº§n 1h nhÃ¢n viÃªn má»›i chá»‹u lÃªn láº¥y láº¡i Ä‘Ãºng phÃ²ng Ä‘Ã£ book cho mÃ¬nh. LÃªn phÃ²ng thÃ¬ phÃ²ng nhá» giÆ°á»ng sÃ¡t ráº¡t nhau^ coi láº¡i hÃ¬nh trÃªn agoda má»›i Ä‘á»ƒ Ã½ hÃ¬nh chá»¥p phÃ²ng 3 giÆ°á»ng mÃ  tháº­t ra lÃ  hÃ¬nh chá»¥p phÃ²ng 2 giÆ°á»ng (bá»‹ lá»«a)^ Agoda pháº£i duyá»‡t hÃ¬nh áº£nh trÆ°á»›c khi up lÃªn má»›i pháº£i chá»© ?. Má»Ÿ TV thÃ¬ má»Ÿ hoÃ i ko Ä‘Æ°á»£c^ Ä‘á»‹nh Ä‘iá»‡n thoáº¡i bÃ¡o tiáº¿p tÃ¢n^ cáº§m Ä‘iá»‡n thoáº¡i bÃ n lÃªn thÃ¬ phÃ¡t hiá»‡n Ä‘iá»‡n thoáº¡i Ä‘á»ƒ trÆ°ng chÆ¡i ko cÃ³ dÃ¢y cáº¯m^ ko cÃ³ lá»• cáº¯m láº¥y gÃ¬ gá»i. Pháº£i Ä‘i tá»« láº§u 3 xuá»‘ng bÃ¡o^ nhÃ¢n viÃªn háº¹n lÃ¡t lÃªn sá»­a - tá»›i lÃºc check out luÃ´n cÅ©ng ko ai lÃªn. MÃ¡y láº¡nh thÃ¬ ko biáº¿t tá»« thá»i nÃ o^ cháº¡y 2-3h má»›i tháº¥y...hÆ¡i mÃ¡t mÃ¡t. Buá»•i chiá»u ks cÃºp Ä‘iá»‡n^ ko cÃ³ mÃ¡y phÃ¡t Ä‘iá»‡n
6.0,Minh NhÃ¢n. MÃ¬nh Ä‘áº·t mÃ¹ng 4 Táº¿t cho khÃ¡ch hÃ ng lÃ  Ä‘á»‘i tÃ¡c cá»§a mÃ¬nh. Biáº¿t lÃ  khÃ¡ch á»Ÿ VÅ©ng TÃ u sáº½ Ä‘Ã´ng nhÆ°ng khÃ´ng nghÄ© Ä‘Ã´ng nhÆ° váº­y. Ban Ä‘áº§u Ä‘áº·t 4 phÃ²ng giÆ°á»ng Ä‘Ã´i. Äáº¿n khi nháº­n phÃ²ng thÃ¬ chá»§ ks tá»± sáº¯p 2 phÃ²ng giÆ°á»ng Ä‘Ã´i do Chá»‹ chá»§ nhÃ¬n lá»™n booking. Báº¯t buá»™c mÃ¬nh pháº£i sáº¯p xáº¿p cho cÃ¡c anh chá»‹ á»Ÿ chung phÃ²ng. Äá»‘i tÃ¡c cá»§a mÃ¬nh ráº¥t bá»±c bá»™i vÃ¬ há» Ä‘i gia Ä‘Ã¬nh riÃªng mÃ  pháº£i cho há» vÃ´ chung phÃ²ng vá»›i nhau. KhÃ¡ch sáº¡n gáº§n biá»ƒn^ Chá»‹ chá»§ nhiá»‡t tÃ¬nh^ vui váº»^ thoáº£i mÃ¡i. Ná»™i tháº¥t hÆ¡i xuá»‘ng cáº¥p
9.2,áº¤n tÆ°á»£ng tá»‘t vÃ  sáº½ quay láº¡i. KhÃ¡ch sáº¡n gáº§n biá»ƒn^ xe hÆ¡i vÃ o tá»›i cá»•ng^ tiáº¿p tÃ¢n^ phá»¥c vá»¥ phÃ²ng^ báº£o vá»‡^ vui váº» nhiá»‡t tÃ¬nh. KhoÃ¡ cá»­a sá»• hÆ° gÃ¢y á»“n khi giÃ³ to Ä‘áº­p vÃ o cá»­a. NÆ°á»›c nÃ³ng cÃ³ cháº­m pháº£i chá» hÆ¡i lÃ¢u.. => tÃ´i sáº½ cÃ²n quay láº¡i Ä‘Ã¢y
10.0,KhÃ¡ch sáº¡n thÃ¢n thiá»‡n^ sáº¡ch sáº½ vÃ  Ä‘áº§y Ä‘á»§ tiá»‡n nghi !. Táº¥t cáº£ má»i ngÆ°á»i á»Ÿ Ä‘Ã¢y tá»« bÃ¡c báº£o vá»‡ Ä‘áº¿n anh quáº£n lÃ½ Ä‘á»u ráº¥t thÃ¢n thiá»‡n^ nhiá»‡t tÃ¬nh^ phÃ²ng á»‘c ráº¥t tiá»‡n nghi vÃ  sáº¡ch sáº½^ vá»‹ trÃ­ tá»‘t^ Ä‘i bá»™ ra biá»ƒn táº§m 7p^ tuy 1* nhÆ°ng theo quan Ä‘iá»ƒm cÃ¡ nhÃ¢n lÃ  phÃ²ng rá»™ng vÃ  tá»‘t hÆ¡n khÃ¡ nhiá»u so vá»›i nhiá»u khÃ¡ch sáº¡n 2*-3* khÃ¡c. Cháº¯c cháº¯n sáº½ quay láº¡i khÃ¡ch sáº¡n khi mÃ¬nh Ä‘áº¿n VÅ©ng TÃ u láº§n tá»›i. Tks All
4.4,HoÃ n toan tháº¥t vá»ng cho láº§n quay láº¡i nÃ y. MÃ¬nh Ä‘áº·t Standard double room^ check hÃ¬nh áº£nh phÃ²ng trÆ°á»›c khi Ä‘áº·t tháº¥y cÃ³ cá»­a sá»• vÃ  thÃ´ng tin phÃ²ng cÅ©ng cÃ³ note city view. Máº·c dÃ¹ mÃ¬nh cÃ³ note lÃ  mÃ¬nh muá»‘n phÃ²ng láº§u cao vÃ  nice view nhÃ©^ nhÆ°ng khÃ´ng ai tráº£ lá»i request.. Äáº¿n lÃºc nháº­n phÃ²ng thÃ¬ nháº­n Ä‘Æ°á»£c phÃ²ng 104 (láº§u 1 Ä‘Ã³)^ nhÆ°ng mÃ¬nh cung ok vÃ¬ cÃ³ thá»ƒ thÃ´ng cáº£m cuá»‘i tuáº§n. Äáº¿n lÃºc lÃªn phÃ²ng thÃ¬ nháº­n Ä‘Æ°á»£c phÃ²ng khÃ´ng cÃ³ ná»•i cÃ¡i cá»­a sá»•. Tháº­t sá»± tháº¥t vá»ng ráº¥t nhiá»u.. Pháº£n Ã¡nh láº¡i nhÃ¢n viÃªn lÃ  vÃ¬ sao phÃ²ng khÃ´ng Ä‘Ãºng vá»›i thÃ´ng tin trÃªn máº¡ng thÃ¬ nhÃ¢n viÃªn bÃ¡o táº¡i mÃ¬nh book phÃ²ng trá»… nÃªn phÃ²ng cÃ³ cá»­a sá»• Ä‘Ã£ háº¿t. What the hell!!! YÃªu cáº§u cancel thÃ¬ Ä‘Æ°á»£c bÃ¡o lÃ  váº«n charge tiá»n nha báº¡n.. NÃ³i chung lÃ  Ä‘i chÆ¡i mÃ  nháº­n cÃ¡i phÃ²ng khÃ´ng hÃ i lÃ²ng lÃ  cháº³ng muá»‘n quay láº¡i.. Good bye and never again!
7.6,KhÃ¡ch sáº¡n khÃ¡ tá»‘t. PhÃ²ng á»‘c sáº¡ch sáº½^ tuy nhiÃªn Ä‘á»“ ná»™i tháº¥t hÆ¡i xuá»‘ng cáº¥p chÃºt. NhÃ¢n viÃªn thÃ¢n thiÃªn^ cÃ´ chÃº chá»§ khÃ¡ch dá»… chá»‹u^ tá»­ táº¿. Tá»« khÃ¡ch sáº¡n Ä‘i bá»™ ra biá»ƒn cÅ©ng ráº¥t gáº§n^ chá»‰ cÃ³ Ä‘iá»u khu trÃªn nÃ y khÃ´ng nhá»™ n nhá»‹p Ä‘Æ°á»£c nhÆ° khÃºc dÆ°á»›i Phan VÄƒn Trá»‹.
4.0,Náº¿u á»Ÿ khÃ¡ch sáº¡n táº§m giÃ¡ nÃ y^ theo tÃ´i báº¡n nÃªn Ä‘i tháº³ng lÃªn vÅ©ng tÃ u^ chá»n khÃ¡ch sáº¡n vÃ  chá»n phÃ²ng. KhÃ¡ch quan mÃ¬nh nháº­n xÃ©t:. Láº§n trÆ°á»›c: Ä‘i tháº³ng Ä‘áº¿n vÅ©ng tÃ u^ chá»n phÃ²ng khÃ¡ch sáº¡n^ háº¿t 500k 1 Ä‘Ãªm cuá»‘i tuáº§n^ phÃ²ng á»‘c rá»™ng rÃ£i^ cÄƒn gÃ³c^ tá»« thÃ¹y vÃ¢n Ä‘i vÃ o ngang táº§m vá»›i Minh NhÃ¢n -> thoáº£i mÃ¡i^ sáº¡ch sáº½. Láº§n nÃ y Ä‘i: mÃ¬nh book agoda^ 436k^  gá»i Ä‘iá»‡n thoáº¡i kÃªu lÃ  cÃ³ mÃ£ Ä‘áº·t phÃ²ng thÃ¬ cá»© Ä‘áº¿n nháº­n^ Ä‘áº¿n Ä‘Ã³ má»›i bÃ¡o Ä‘Æ°á»£c phÃ²ng^ Ä‘áº¿n rá»‘i cho 1 cÄƒn phÃ²ng sÃ¡t quáº§y tiáº¿p tÃ¢n (náº¿u khÃ¡ch sáº¡n khÃ¡c thÃ¬ Ä‘Ã¢y lÃ  phÃ²ng dÃ nh cho tÃ i xáº¿ á»Ÿ) ^ phÃ²ng ráº¥t nhá»^ giÆ°á»ng vÃ  bra giÆ°á»ng dÆ¡ vÃ  cÃ³ dáº¥u váº¿t mÃ u mÃ¡u li ti giáº·t khÃ´ng ra. Tuy má»›i nhÆ°ng nháº­n xÃ©t cÆ¡ sá»Ÿ váº­t cháº¥t khÃ´ng báº£o quáº£n tá»‘t. CÃ¢u chuyá»‡n bÃªn lá»: tá»‘i vá» phÃ²ng cÃ²n nghe khÃ¡ch khÃ¡c cá»± lá»™n^ dáº¡ng Ä‘Ã£ Ä‘áº·t phÃ²ng^ sao khÃ´ng giá»¯ phÃ²ng^ háº¿t phÃ²ng. khÃ¡ch kÃªu tráº£ tiá»n thÃ¬ cá»© nÃ³i qua nÃ³i láº¡i^ kÃªu qua khÃ¡ch sáº¡n ngÆ°á»i quen káº¿ bÃªn á»Ÿ 1 Ä‘Ãªm rá»“i cháº¡y qua sau. cáº¡n lá»i. 
8.4,Tuyá»‡t vá»i. PhÃ²ng khÃ´ng cÃ³ cá»­a sá»•. Toilet bá»‹ rá»‰ nÆ°á»›c nhÆ°ng sáº¡ch sáº½.
4.0,KhÃ´ng Ä‘Ã¡ng tiá»n. KhÃ¡ch sáº¡n dá»n phÃ²ng chÆ°a sáº¡ch sáº½^ nÆ°á»›c nÃ³ng yáº¿u^ Ä‘Ã¨n ngá»§ thÃ¬ quÃ¡ sÃ¡ng. 
9.2,Very good . KhÃ¡ch sáº¡n náº±m trong háº½m cÅ©ng khÃ¡ dá»… tÃ¬m . PhÃ²ng sáº¡ch sáº½ nv láº¡i thÃ¢n thiÃªn . Láº§n sau quay lai váº«n á»Ÿ khÃ¡ch sáº¡n nÃ y ^^
8.8,Ok. Good
8.0,vá»‹ trÃ­ vÃ  dá»‹ch vá»¥ tá»‘t. Trong háº»m nhÆ°ng tÆ°Æ¡ng Ä‘á»‘i gáº§n biá»ƒn^ khÃ´ng á»“n Ã o^ xÃ´ bá»“. NhÃ¢n viÃªn than thiá»‡n
8.4,Cháº¥t lÆ°á»£ng tá»‘t vá»›i giÃ¡ thÃ nh. PhÃ²ng tiá»‡n nghi^ mÃ¬nh chá»n Ä‘Æ°á»£c phÃ²ng view Ä‘áº¹p nhÆ°ng á»Ÿ táº§ng hÆ¡i tháº¥p^ sáº¡ch sáº½. NÃ³i chung lÃ  á»•n
9.6,KhÃ¡ch sáº¡n tÃ´t'. phÃ²ng sáº¡ch^ nhÃ¢n viÃªn nhiÃªt tÃ¬nh^ khÃ´ng gian tÃ´t'^ gÃ¢`n trung tÃ¢m^ giÃ¡ cáº£ hÆ¡p lÃ½^ mÃ¬nh se quay láº¡i trong nhÆ°~ng dá»‹p khÃ¡c
8.0,NhÃ¢n viÃªn thÃ¢n thiá»‡n. NhÃ¢n viÃªn thÃ¢n thiá»‡n^ Ä‘i bá»™ ra biá»ƒn gáº§n^ phÃ²ng khÃ´ng rá»™ng láº¯m nhÆ°ng Ä‘á»“ cÃ²n má»›i^ sáº¡ch sáº½. 
6.0,HÃ i LÃ²ng. Sáº¡ch sáº½^ ráº» 
8.4,PhÃ²ng Ä‘áº¹p^ sáº¡ch sáº½.. Ks náº±m trong con háº»m Ä‘á»‘i diá»‡n biá»ƒn BÃ£i Sau. Äi bá»™ ra biá»ƒn cá»¡ 300m. Khu vá»±c yÃªn tÄ©nh. LÃºc nhÃ  mÃ¬nh Ä‘áº¿n thÃ¬ há»“ hÆ¡i Ä‘ang sá»­a.
9.6,Má»i thá»© ráº¥t tá»‘t. Hy vá»ng cháº¥t lÆ°á»£ng sáº½ luÃ´n Ä‘c duy trÃ¹ vÃ  chÃºng tá»‘i sáº½ ghÃ© trong láº§n káº¿ tiáº¿p
9.6,PhÃ²ng sáº¡ch sáº½^ tiá»‡n nghi^ gáº§n biá»ƒn. So vá»›i giÃ¡ tiá»n ráº¥t á»•n
8.4,tá»‘t. nhÃ¢n viÃªn nhiá»‡t tÃ¬nh ^ phÃ²ng á»‘c sáº¡ch sáº½ ^ chÄƒn trong phÃ²ng hÆ¡i nhá» vÃ  má»ng  ^ khÃ¡ch sáº¡n cáº§n thay Ä‘á»•i cÃ¡i chÄƒn dáº§y vÃ  to hÆ¡n tÃ­ ^nÃ³i chung sáº½ quay láº¡i .
9.2,Good. Má»i thá»© ok^ chá»‰ cÃ³ má»™t Ä‘iá»u khÃ¡ch sáº¡n bÃ¡o lÃ  khÃ´ng cÃ³ nÆ°á»›c suá»‘i chÃ o má»«ng vÃ¬ Ä‘áº·t phÃ²ng qua Agoda.
4.8,Tá»‡. Há»‡ thá»‘ng nÆ°á»›c nÃ³ng cá»§a khÃ¡ch sáº¡n khÃ´ng hoáº¡t Ä‘á»™ng^ mÃ¬nh cÃ³ pháº£n Ã¡nh vá»›i chá»§ khÃ¡ch sáº¡n thÃ¬ báº£o lÃ  há»‡ thá»‘ng dÃ¹ng nÄƒng lÆ°á»£ng máº·t trá»i tá»« tá»« má»›i nÃ³ng^ mÃ  má»Ÿ chá» hoÃ i cÅ©ng khÃ´ng tháº¥y nÃ³ng. MÃ¬nh cÃ³ Ä‘áº·t cÆ¡m táº¡i khÃ¡ch sáº¡n vá»›i combo 240k cho 2 ngÆ°á»i gá»“m 5 mÃ³n Äƒn^ váº­y mÃ  khi Ä‘em ra chá»‰ cÃ³ 3 mÃ³n. CÃ³ pháº£n Ã¡nh vá»›i Chá»§ khÃ¡ch sáº¡n nhÆ°ng khÃ´ng Ä‘Æ°á»£c giáº£i quyáº¿t thÃ´i Ä‘Ã nh láº§n sau sáº½ khÃ´ng quay láº¡i.
2.4,Bat man voi dich vu. Toi dat phong tren Agoda voi gia khac nhung nhan vien ks thu tien gia khac mac du toi da show email ra de doi chieu nhung ks van thu tien theo gia ks cao hon gia toi book tren Agoda^ mac du chenh lech chi co 8000vnd nhung toi cam thay khong hai long vi ks khong tin tuong khach hang va khang khang thu tien theo y ks.. Toilet rat hoi^ khan tam bi o vang nhin rat mat tham my va k co may say toc trong phong.. Ngay thu 2 o ks^ toi yeu cau k can don phong va chi can thay khan sach va them giay ve sinh va da phai nhac di nhac lai tan 3 lan vao 3 thoi diem khac nhau toi moi nhan duoc khan va giay ve sinh.. Ngay tra phong^ vi da thanh toan roi nen toi tra key va roi khoi sau khi ks kiem tra phong^ toi da bi goi giat nguoc lai hoi la da tra tien phong chua ngay sanh lon. Toi cam thay rat bi xuc pham. Nhin chung ks kinh doanh theo kieu gia dinh va nhan vien la nguoi trong gia dinh ( da phan la nguoi trung nien lon tuoi )  nen k co su chuyen nghiep can thiet. Rat mong ks nen khac phuc.
7.6,KhÃ¡ch sáº¡n tá»‘t!. Sáº½ giá»›i thiá»‡u cho ngÆ°á»i quen
7.2,Ok. PhÃ²ng tá»‘t^ gáº§n biá»ƒn^ nhÃ¢n viÃªn thÃ¢n thiá»‡n^ cÃ³ bÃ£i Ä‘á»ƒ xe dÆ°á»›i háº§m^ cÃ³ sÃ¢n rá»™ng rÃ£i thoÃ¡ng mÃ¡t
6.0,KhÃ´ng hÃ i lÃ²ng. Trong khi giá»›i thiá»‡u lÃ  cÃ³ há»“ bÆ¡i nhÆ°ng Ä‘áº¿n nháº­n phÃ²ng thÃ¬ lá»… tÃ¢n láº¡i nÃ³i chá»‰ cÃ³ há»“ bÆ¡i báº±ng phao cho tráº» em. Cáº£m tháº¥y bá»‹ lá»«a dá»‘i.
7.6,KS tá»‘t Ä‘á»ƒ á»Ÿ khi du lá»‹ch VÅ©ng TÃ u. Má»i thá»© Ä‘á»u tá»‘t^ Ä‘Ã¡ng Ä‘á»ƒ á»Ÿ trong táº§m giÃ¡^ vá»‹ trÃ­ gáº§n biá»ƒn.
7.6,Sáº½ quay láº¡i. Sáº¡ch sáº½^ Ä‘á»§ tiá»‡n nghi cÆ¡ báº£n.  KhÃ¡ch sáº¡n á»Ÿ trong háº»m nÃªn yÃªn tÄ©nh^ Ä‘i bá»™ ra biá»ƒn gáº§n. (Gáº§n HÃ²n BÃ ^ bÃ£i táº¯m Sau). KhÃ´ng cÃ³ cá»­a sá»• má»Ÿ trong phÃ²ng.. VÃ²i hoa sen hÆ¡i yáº¿u. 
7.6,PhÃ²ng sáº¡ch Ä‘áº¹p. Sáº½ quay láº¡i náº¿u cÃ³ dá»‹p.
2.0,GiÃ¡ phÃ²ng tÄƒng gáº¥p Ä‘Ã´i vÃ o thá»© 7 mÃ  khÃ´ng bÃ¡o trÆ°á»›c^ khÃ´ng chá»‹u giÃ¡ máº¯c hÆ¡n gáº¥p Ä‘Ã´i nÃªn tráº£ phÃ²ng tÃ¬. GiÃ¡ phÃ²ng tÄƒng gáº¥p Ä‘Ã´i vÃ o thá»© 7 mÃ  khÃ´ng bÃ¡o trÆ°á»›c^ khÃ´ng chá»‹u giÃ¡ máº¯c hÆ¡n gáº¥p Ä‘Ã´i nÃªn tráº£ phÃ²ng thÃ¬ bá»‹ tÃ­nh má»™t ná»­a giÃ¡ tiá»n tá»©c 100% giÃ¡ tiá»n phÃ²ng 1 ngÃ y???
6.0,TrÃªn Trung BÃ¬nh. Toilet hÃ´i^ ngoÃ i ra má»i thá»© ok.
8.0,GiÃ¡ cáº£ há»£p lÃ½. KhÃ¡ch sáº¡n sáº¡ch sáº½^ nhÃ¢n viÃªn lá»‹ch sá»±^ gáº§n biá»ƒn^ sáº½ Ä‘áº¿n ná»¯a vÃ o láº§n sau
9.6,tá»‘t. Ga giÆ°á»ng khÃ´ng sáº¡ch láº¯m
8.4,KhÃ¡ch sáº¡n á»•n vá»›i táº§m giÃ¡ ráº».. KhÃ¡ch sáº¡n náº±m gáº§n bá» biá»ƒn^ giÃ¡ ráº» so vá»›i máº·t báº±ng chung. Dá»‹ch vá»¥ á»•n. PhÃ²ng sáº¡ch sáº½^ Ä‘á»§ váº­t dá»¥ng cÃ¡ nhÃ¢n. PhÃ²ng khÃ´ng cÃ³ cá»­a sá»• thÃ¬ ngá»§ tháº£ cá»­a khÃ´ng biáº¿t trá»i sÃ¡ng luÃ´n :D
8.8,Cáº£m tháº¥y hÃ i lÃ²ng. NhÃ¢n viÃªn á»Ÿ Ä‘Ã¢y ráº¥t nhiá»‡t tÃ¬nh vÃ  vui váº». GiÃ¡ cáº£ ráº¥t há»£p lÃ½. 
8.0,PhÃ²ng Ä‘áº¹p. PhÃ²ng Ä‘áº¹p^ rá»™ng rÃ£i^ gáº§n biá»ƒn. giÃ¡ cáº£ phÃ¹ há»£p
8.0,Ráº¥t tá»‘t. Di chu nhat thu2gianphong Ok.con ko biet thu 7 chu nhat gia sao
8.0,KhÃ¡ch sáº¡n tá»‘t. PhÃ²ng cÅ©ng ok.
9.2,á»•n. vá»›i má»©c giÃ¡ váº­y thÃ¬ KS á»•n^ tuy nhiÃªn giÃ¡ á»Ÿ thÃªm giá» thÃ¬ máº¯c quÃ¡ ^^
8.8,Vá»‹ trÃ­ tá»‘t. Ráº¥t gáº§n biá»ƒn^ Ä‘i bá»™ ra bÃ£i sau chá»‰ 5 phÃºt^ phÃ²ng sáº¡ch sáº½^ cÃ³ cá»­a sá»• nhiá»u tiá»‡n nghi^ mÃ¬nh Ä‘i dá»‹p táº¿t thiáº¿u nhÃ¢n viÃªn phá»¥c vá»¥^ chá»‰ tháº¥y cÃ³ 2 ngÆ°á»i thÃ´i^ ngoÃ i ra cháº¥t lÆ°á»£ng OK
9.2,KhÃ¡ch sáº¡n thÃ¢n thiá»‡n. Vá»‹ trÃ­ OK^ chá»— á»Ÿ OK^ giÃ¡ tiá»n OK. Äáº¡t cháº¥t lÆ°á»£ng.
8.0,KhÃ¡ch sáº¡n Ä‘Ã¡ng giÃ¡ tiá»n. KhÃ¡ch sáº¡n giÃ¡ ráº»^ gáº§n biá»ƒn^ Ä‘Ã¡ng giÃ¡ tiá»n 
8.0,PhÃ²ng sáº¡ch sáº½ phÃ¹ há»£p vá»›i giÃ¡ tiá»n. KhÃ¡ch sáº¡n ok^ ráº¥t há»£p vá»›i giÃ¡ tiá»n. Ä‚n sÃ¡ng pháº£i chrrge thÃªm tiá»n^ nhÆ°ng nhÃ¬n chung á»•n^ cÃ¡c dá»¥ng cá»¥ cÃ¡ nhÃ¢n trong phÃ²ng Ä‘áº§y Ä‘á»§.
8.8,KhÃ¡ch sáº¡n Ä‘áº¹p^ vá»‹ trÃ­ trung tÃ¢m nhÆ°ng trong háº»m^ thoÃ¡ng 2 máº·t háº»m . PhÃ²ng tÆ°Æ¡ng Ä‘á»‘i Ä‘áº¹p^ sáº¡ch sáº½. CÃ³ view nÃªn thoÃ¡ng.. KhÃ¡ch sáº¡n chá»§ Ä‘Ã³ng cá»­a hÆ¡i sá»›m
9.2,Tá»‘t. KhÃ¡ch sáº¡n cháº¥t lÆ°á»£ng ráº¥t tá»‘t so vá»›i táº§m giÃ¡^ nhÃ¢n viÃªn phá»¥c vá»¥ tá»‘t. TÃ´i ráº¥t hÃ i lÃ²ng vá» chuyáº¿n Ä‘i láº§n nÃ y. Láº§n sau náº¿u cÃ³ Ä‘i VÅ©ng TÃ u tÃ´i sáº½ chá»n khÃ¡ch sáº¡n nÃ y
8.4,Ráº¥t thÃ¢n thiá»‡n vÃ  sáº¡ch sáº½. PhÃ²ng khÃ¡ch sáº¡n hÆ¡i nhá»^ nhÆ°ng ráº¥t sáº¡ch^ nhÃ¢n viÃªn ráº¥t nhiá»‡t tÃ¬nh^ gáº§n biá»ƒn. Ráº¥t tá»‘t cho má»™t ká»³ nghá»‰ gia Ä‘Ã¬nh táº¡i VÅ©ng TÃ u. Highly recommended! Cáº£m Æ¡n Agoda.
10.0,Very Good. GiÃ¡ cáº£ pháº£i chÄƒng^ gáº§n bÃ£i táº¯m. PhÃ²ng má»›i vÃ  sáº¡ch sáº½. NhÃ¢n viÃªn khÃ¡ch sáº¡n nhiá»‡t tÃ¬nh.. Sáº½ quay trá»Ÿ láº¡i
10.0,tuyet voi. phong sach se ^ tien nghi ^ ba chu vui tinh ^ nhiet tinh
8.0,Ráº¥t tá»‘t. PhÃ²ng má»›i^ sáº¡ch sáº½^ giÃ¡ cáº£ pháº£i chÄƒng^ sáº½ quay láº¡i trong nhá»¯ng láº§n sau!
10.0,PhÃ²ng sáº¡ch sáº½^ thoÃ¡ng mÃ¡t^ nhÃ¢n viÃªn thÃ¢n thiá»‡n !. PhÃ²ng á»Ÿ ráº¥t thoáº£i mÃ¡i^ tiá»‡n nghi^ nhÃ¢n viÃªn thÃ¢n thiá»‡n^ nhiá»‡t tÃ¬nh^ vá»‹ trÃ­ tá»‘t^ ráº¥t Ä‘Ã¡ng tiá»n Ä‘Ã£ bá» ra ! Sáº½ quay láº¡i á»§ng há»™ khÃ¡ch sáº¡n trong thá»i gian sáº¯p tá»›i .
6.0,TrÃªn Trung BÃ¬nh. Äiá»u Ä‘áº§u tiÃªn mÃ¬nh pháº£i thá»«a nháº­n thiáº¿t káº¿ phÃ²ng Ä‘áº¹p^ lÃºc mÃ¬nh nháº­n thÃ¬ phÃ²ng Ä‘Ã£ Ä‘Æ°á»£c dá»n dáº¹p sáº¡ch sáº½^ khÃ¡ Ä‘á»§ tiá»‡n nghi. Äiá»u mÃ¬nh khÃ´ng hÃ i lÃ²ng lÃ  phÃ²ng táº¯m nÆ°á»›c nÃ³ng láº¡nh láº¡i dÃ¹ng nÄƒng lÆ°á»£ng máº·t trá»i tá»‘i khÃ¡ láº¡nh mÃ  kh táº¯m nÆ°á»›c nÃ³ng thÃ¬ hÆ¡i thiáº¿u sÃ³t^ thÃªm ná»¯a bá»“n cáº§u tá»‘i láº¡i kh cÃ³ nÆ°á»›c xáº£ (sao dÃ¡m Ä‘i náº·ng Ä‘Æ°á»£c). CÃ²n láº¡i pháº£i cÃ´ng nháº­n phÃ²ng khÃ¡ lÃ  ok
6.8,HÃ i LÃ²ng. Tuyá»‡t nhÃ¢n viÃªn thÃ¢n thiá»‡n
4.4,khÃ´ng tá»± Ã½ Ä‘á»•i phÃ²ng khÃ¡ch Ä‘Ã£ Ä‘áº·t trÆ°á»›c . cáº£nh giÃ¡c chiÃªu trÃ² tá»± Ã½ thay Ä‘á»•i phÃ²ng khÃ¡ch Ä‘Ã£ Ä‘Äƒt trÆ°á»›c^Ä‘á»ƒ rá»“i sau Ä‘Ã³ giáº£i quyáº¿t lÃ  tráº£ láº¡i tiá»n Ä‘áº·t cá»c cá»§a khÃ¡ch náº¿u khÃ´ng hÃ i lÃ²ng (lÃºc nÃ y giÃ¡ thuÃª phÃ²ng Ä‘Ã£ lÃªn ráº¥t cao báº¡n sáº½ khÃ´ng thuÃª Ä‘Æ°á»£c phÃ²ng nhÆ° váº­y ná»¯a)
9.2,TrÃªn cáº£ tuyá»‡t vá»i. Váº­t dá»¥ng cÅ©ng chÆ°a pháº£i lÃ  á»•n háº¿t nÃªn kiá»ƒm tra váº­t dá»¥ng trÆ°á»›c khi dÃ¹ng náº¿u cÃ³ hÆ° tá»•n thÃ¬ pháº£i bÃ¡o trÆ°á»›c nv Ks vÃ¬ mÃ¬nh láº§n nÃ y dá»¥ng mÃ¡y Ä‘un nÆ°á»›c nÃ³ cá»© cháº£y ngoÃ i nÃªn khÃ´ng dÃ¹ng tá»›i.
7.2,Ráº¥t tá»‘t. GiÃ¡ phÃ²ng cÅ©ng á»•n nÃªn Ä‘i Ä‘áº·t chá»— trÆ°á»›c
7.2,Äi du lá»‹ch. KhÃ¡ch sáº¡n khÃ¡ tá»‘t trÃªn giÃ¡ thÃ nh
10.0,TrÃªn cáº£ tuyá»‡t vá»i. Ráº¥t gáº§n biá»ƒn^ giÃ¡ cáº£ khÃ¡ bÃ¬nh dÃ¢n^ khÃ¡ch sáº¡n sáº¡ch sáº½^ Ä‘á»§ tiá»‡n nghi. Sáº½ ghÃ© láº¡i náº¿u cÃ³ Ä‘i ná»¯a. 
10.0,TrÃªn cáº£ tuyá»‡t vá»i. Du lá»‹ch vá»›i báº¡n bÃ¨^ giÃ¡ á»•n vá»›i gáº§n biá»ƒn^ chá»— Ä‘á»ƒ xe thoáº£i mÃ¡i vÃ  nhÃ¢n viÃªn nhiá»‡t tÃ¬nh 
9.6,ThÃ¡i Ä‘á»™ phá»¥c vá»¥. Vui váº» nhiá»‡t tÃ¬nh tá»‘t
8.4,Tuyá»‡t vá»i. ÄÆ°á»£c sáº¯p xáº¿p hÆ°á»›ng á»Ÿ cÅ©ng Ä‘Æ°á»£c so vá»›i giÃ¡. Äiá»ƒm trá»« lÃ  phÃ²ng vá»‡ sinh xuá»‘ng cáº¥p quÃ¡^ nÃ³ng láº¡nh lÃ¢u^ vÃ²i thÃ¬ hÆ°. 
6.4,HÃ i LÃ²ng. KhÃ´ng biáº¿t review sao^ nhÆ°ng khi Ä‘áº·t phÃ²ng thÃ¬ cáº£ khÃ¡ch sáº¡n vÃ  Agoda Ä‘á»u khÃ´ng thÃ´ng bÃ¡o lÃ  khÃ´ng thá»ƒ nháº­n phÃ²ng vÃ o thá»i gian nÃ y bá»Ÿi phÃ²ng chá»‘ng Covid. Khi tá»›i thÃ¬ tÃ´i chá»‰ nháº­n Ä‘Æ°á»£c cÃ¢u tráº£ lá»i lÃ  khÃ´ng nháº­n khÃ¡ch^ vÃ  náº¿u agoda cÃ³ thu tiá»n thÃ¬ báº£o há» tráº£ láº¡i. KhÃ¡ thiáº¿u trÃ¡ch nhiá»‡m cá»§a má»™t cÆ¡ sá»‘ bÃªn^ hÆ¡i báº¥t ngá» vÃ  tháº¥t vá»ng xÃ­u
10.0,Láº§n nÃ o quay láº¡i Ä‘Ã¢y cÅ©ng hÃ i lÃ²ng. Ráº¥t thÃ­ch luÃ´n^ phÃ¹ há»£p vá»›i gai Ä‘Ã¬nh cÃ³ con nhá»^ cÃ³ chá»— Ä‘áº­u xe Ã´ tÃ´^ Ä‘i láº¡i Äƒn uá»‘ng gÃ¬ cÅ©ng tiá»‡n.
8.0,Okb. Ok
8.0,Vui^ ngá»§ ngon^ giÆ°á»ng khÃ¡.... 
8.4,Tuyá»‡t vá»i. cÅ©ng dc
5.0,TÃ m táº¡m. 
9.2,Chá»• á»Ÿ á»•n. Vá»‹ trÃ­ á»•n^ giÃ¡ á»Ÿ táº§m trung^ Ä‘áº·t phÃ²ng Ä‘Æ¡n vÃ  Ä‘Æ°á»£c Ä‘á»•i sang giÆ°á»ng Ä‘Ã´i theo yÃªu cáº§u. Ä‚n sÃ¡ng 55k/ng hÆ¡i cao. Láº§n sau mÃ¬nh sáº½ thuÃª loáº¡i phÃ²ng bao luÃ´n Äƒn sÃ¡ng sáº½ tiá»‡n lá»£i hÆ¡n.
4.0,Tháº¥t vá»ng. 
8.0,Ráº¥t tá»‘t. KhÃ¡ch sáº¡n á»•n ^ nhÃ¢n viÃªn vui váº» láº¡i dá»… tÃ­nh ná»¯a ^ chá»‹ chá»§ dá»… thÆ°Æ¡ng ^ phÃ²ng á»‘c Ä‘áº§y Ä‘á»§ tiá»‡n nghi láº¡i thoáº£i mÃ¡i ^ view á»•n  ^ cÃ³ dá»‹p sáº½ quay láº¡iiii
10.0,Xuáº¥t sáº¯c. 
10.0,Ráº¥t ThÃ¢n Thiá»‡n. BÃ¡c chá»§ nhÃ  ráº¥t thÃ¢n thiá»‡n!
5.0,TrÃ¡nh Ä‘i du lá»‹ch vÃ .... 
7.6,PhÃ¹ há»£p giÃ¡ tiá»n. KhÃ¡ch sáº¡n náº±m trong háº»m nhá» yÃªn tÄ©nh. Sáº¡ch sáº½. CÃ³ muá»—i má»™t chÃºt
7.0,Ká»² NGHá»ˆ VUI. 
3.2,Not recommended. KhÃ¡ch sáº¡n ko cÃ³ tiá»‡n nghi gÃ¬ cáº£^ ko cÃ³ nÆ°á»›c nÃ³ng láº¡nh^ wifi ko xÃ i Ä‘Æ°á»£c^ á»• Ä‘iá»‡n ko thuáº­n tiá»‡n^ phÃ²ng ko Ä‘Æ°á»£c sáº¡ch sáº½^ khay Ä‘Ã¡ trong tá»§ láº¡nh dÆ¡.. Gá»i sá»‘ tiáº¿p tÃ¢n ko nghe mÃ¡y^ tá»‘i vá» trá»… (11h hÆ¡n) háº§m xe Ä‘Ã³ng cá»­a^ nhá» tiáº¿p tÃ¢n má»Ÿ cá»­a^ Ä‘á»©ng Ä‘á»£i mÃ£i má»›i Ä‘Æ°á»£c má»Ÿ cá»­a cho vÃ o.
9.0,Tuyá»‡t háº£o. 
7.6,ThuÃª lÃºc giáº£m giÃ¡ Covid thÃ¬ tháº¥y phÃ¹ há»£p. MÃ¬nh thuÃª vá»›i giÃ¡ 168k/Ä‘Ãªm nhá» giáº£m giÃ¡.. Tuy khÃ¡ch sáº¡n cÅ©ng lá»›n^ thÃ¡i Ä‘á»™ vÃ  Ã½ thá»©c lÃ m dá»‹ch vá»¥ tá»‘t^ nhÆ°ng Ä‘á»™ sáº¡ch sáº½ vÃ  tiá»‡n nghi thÃ¬ chá»‰ má»©c vá»«a pháº£i (phÃ²ng mÃ¬nh nhá»^ khÃ´ng cÃ³ cá»­a sá»•). Mong khÃ¡ch sáº¡n sáº½ tiáº¿p tá»¥c cáº£i thiá»‡n cháº¥t lÆ°á»£ng vÃ  giá»¯ nhá»¯ng má»©c giÃ¡ phÃ¹ há»£p nháº¥t.
8.0,Highly recommended.. 
9.6,Cháº¥t lÆ°á»£ng phÃ²ng tá»‘t so vá»›i giÃ¡ tiá»n. Khoáº£ng cÃ¡ch: khÃ¡ gáº§n biá»ƒn^ Ä‘i bá»™ 5p lÃ  tá»›i bÃ£i sau. NhÃ¢n viÃªn: ThÃ¢n thiá»‡n vÃ  nhiá»‡t tÃ¬nh. PhÃ²ng: cÃ³ Ä‘áº§y Ä‘á»§ thiáº¿t bá»‹: ti vi^ tá»§ láº¡nh mini^ phÃ²ng táº¯m^... 
10.0,Ráº¥t ok. 
10.0,TrÃªn cáº£ tuyá»‡t vá»i. XÃ©m ná»¯a mÃ¬nh há»§y Ä‘áº·t phÃ²ng vÃ¬ Ä‘á»c cm cÅ© tháº¥y chÃª bai Ä‘á»§ thá»© m cÅ©ng sá»£ ( vÃ¬ mÃ¬nh Ä‘i gia Ä‘Ã¬nh cÃ³ ng giÃ  vÃ  con nÃ­t ná»¯a ).. VÃ¬ m thÃ­ch cÃ¡i sÃ¢n trÆ°á»›c cá»•ng khÃ¡ch sáº¡n .. Tha há»“ bÃ y Ä‘á»“ Äƒn .. NÃªn Ä‘á»ƒ Ä‘áº¡i vÃ¬ nghÄ© ks gáº§n Ä‘Ã³ cÅ©ng cháº£ khÃ¡ hÆ¡n Ä‘Æ°á»£c ( m Ä‘Ã£ á»Ÿ nhiá»u ks gáº§n biá»ƒn ) Ai ngá» hÃªn quÃ¡ğŸ¤£ğŸ¤£ğŸ¤£. KhÃ¡ch sáº¡n sáº¡ch^ thÆ¡m ^ Ä‘áº¹p nhÆ° hÃ¬nh nha.. ChÃº Ba ( m nghÄ© lÃ  chá»§ ks ) ráº¥t nhiá»‡t tÃ¬nh ^ cÃ²n chá»‰ chá»— mÃ¬nh mua Ä‘á»“ Äƒn ngon ráº» ná»¯a ^ cÃ²n cho mÃ¬nh trÃ  Ä‘Ã¡^ mÆ°á»£n chÃ©n Ä‘Å©a free luÃ´n .. CÃ¡m Æ¡n chÃº ^ gd con cÃ³ 1 ká»³ nghá»‰ tháº­t tuyá»‡t .. Vá»›i ks sáº¡ch gáº§n biá»ƒn ^ sáº¡ch sáº½ ^ má»›i vÃ o mÃ¹a lá»… mÃ  giÃ¡ 1tr4 cho 2 phÃ²ng Ä‘Ã´i 2 ngÃ y thÃ¬ quÃ¡ ráº» .
8.0,Oki. 
7.6,Ã”ng chá»§ nhiá»‡t tÃ¬nh^ khÃ¡ch sáº¡n oke nhÆ°ng hÆ¡i á»“n bÃªn ngoÃ i nÃ³i gÃ¬ lÃ  nghe háº¿t. Vá»›i khÃ¡ch á»Ÿ 2 Ä‘Ãªm nhÆ°ng. á» 2 Ä‘Ãªm nhÆ°ng khÃ´ng Ä‘Æ°á»£c dá»n dáº¹p phÃ²ng. GÃ³p Ã½ nÃªn dá»n dáº¹p phÃ²ng thay chÃ¢n ga^ khÄƒn cho khÃ¡ch
1.0,KS khÃ´ng nÃªn á»Ÿ^ thá»^.... 
5.2,PhÃ²ng khÃ´ng giá»‘ng hÃ¬nh. MÃ¬nh Ä‘áº·t phÃ²ng TiÃªu chuáº©n giÆ°á»ng Ä‘Ã´i cho 2 ngÆ°á»i vÃ o cuá»‘i tuáº§n. TrÃªn app hiá»ƒn thá»‹ cÃ³ 2 loáº¡i phÃ²ng khÃ¡c nhau: phÃ²ng thÆ°á»ng 12m2 vÃ  phÃ²ng cÃ³ cá»­a sá»• to hÆ°á»›ng thÃ nh phá»‘ 20m2. GiÃ¡ cá»§a 2 loáº¡i phÃ²ng chÃªnh lá»‡ch nhau cho nÃªn mÃ¬nh chá»n phÃ²ng to cÃ³ cá»­a sá»• to. NhÆ°ng khi Ä‘áº¿n nÆ¡i thÃ¬ láº¡i nháº­n phÃ²ng loáº¡i thÆ°á»ng^ mÃ¬nh cÃ³ tháº¯c máº¯c thÃ¬ chá»‹ lá»… tÃ¢n giáº£i thÃ­ch táº¥t cáº£ cÃ¡c phÃ²ng á»Ÿ Ä‘Ã¢y Ä‘á»u giá»‘ng nhau^ cÃ¹ng 1 giÃ¡ vÃ  diá»‡n tÃ­ch ai Ä‘áº¿n trÆ°á»›c thÃ¬ Ä‘c chá»n phÃ²ng trÆ°á»›c vÃ  cÃ¡c phÃ³ng cÃ³ cá»­a sá»• to Ä‘á»u Ä‘Ã£ Ä‘Æ°á»£c khÃ¡ch TÃ¢y Ä‘áº·t á»Ÿ hÆ¡n 1 thÃ¡ng rá»“i. Váº­y táº¡i sao trÃªn app láº¡i phÃ¢n loáº¡i phÃ²ng vá»›i giÃ¡ khÃ¡c nhau Ä‘á»ƒ khÃ¡ch chá»n xong láº¡i nháº­n Ä‘Æ°á»£c cÃ¢u tráº£ lá»i nhÆ° váº­y?  KhÃ´ng biáº¿t do Agoda khÃ´ng cáº­p nháº­t tÃ¬nh hÃ¬nh phÃ²ng hay lÃ  do chiÃªu trÃ² cá»§a khÃ¡ch sáº¡n. NhÆ° váº­y cháº³ng khÃ¡c nÃ o treo Ä‘áº§u dÃª bÃ¡n thá»‹t chÃ³ cáº£. á» VÅ©ng TÃ u cÃ³ ráº¥t nhiÃªÃ¹ khÃ¡ch sáº¡n^ Ä‘áº¿n nÆ¡i rá»“i thuÃª cÅ©ng Ä‘Æ°á»£c nhÆ°ng do mÃ¬nh muá»‘n chá»n Ä‘Æ°á»£c phÃ²ng Ä‘áº¹p^ vá»«a Ã½ nÃªn má»›i tin tÆ°á»Ÿng chá»n phÃ²ng trÃªn Agoda mÃ  cuá»‘i cÃ¹ng tháº­t tháº¥t vá»ng !
8.0,Ráº¥t tá»‘t. 
10.0,Ngon bá»• ráº» lÃ  Ä‘Ã¢y. NhÃ  mÃ¬nh Ä‘Ã£ nhiá»u láº§n quay láº¡i chá»— nÃ y vÃ¬ ráº¥t thÃ­ch^ cÃ³ chá»— Ä‘áº­u xe hÆ¡i; cÃ³ chá»— nháº­u^ Äƒn háº£i sáº£n tá»± mua tá»± náº¥u; sáº¡ch sáº½^ gáº§n biá»ƒn vÃ  khu trung tÃ¢m Äƒn uá»‘ng. GiÃ¡ thuÃª phÃ²ng ráº¥t ráº» so vá»›i cháº¥t lÆ°á»£ng^ thÆ°Æ¡ng chÃº chá»§ khÃ¡ch sáº¡n^ ráº¥t dá»… thÆ°Æ¡ng luÃ´n Ä‘Ã³
10.0,Tuyá»‡t vá»i^ nhÃ¢n viÃªn thÃ¢n.... 
9.6,Ráº¥t hÃ i lÃ²ng^ Ä‘Ã£ Ä‘áº·t láº§n thá»© ba hay 4 gÃ¬ Ä‘Ã³. Gáº§n biá»ƒn^ bÃªn cáº¡nh ks Má»¹ Lá»‡. Chá»§ ks thÃ¢n thiá»‡n
9.0,GiÃ¡ tháº­t sá»± má»m so.... 
10.0,NÆ¡i thÆ°á»ng ghÃ© cá»§a tÃ´i. NhÃ¢n viÃªn tháº­n thiá»‡n^ phÃ²ng sáº¡ch sáº½^... 
9.0,Tuyá»‡t háº£o. 
8.8,KhÃ¡ch sáº¡n tá»‘t trong táº§m giÃ¡. Tiá»‡n nghi vÃ  vá»‹ trÃ­ tá»‘t trong táº§m giÃ¡
8.0,Ráº¥t tá»‘t. 
7.2,Táº¡m Ä‘Æ°á»£c^ nhÆ°ng quÃ¡ á»“n. PhÃ²ng cÃ¡ch Ã¢m ráº¥t chÃ¡n^ náº±m nghá»‰ mÃ  ngÆ°á»i ngoÃ i lÃ m gÃ¬ lÃ  nghe háº¿t vÃ  tháº­m chÃ­ lÃ  nghe ráº¥t lá»›n. CÃ¡nh cá»­a gáº§n nhÆ° khÃ´ng cÃ³ tÃ¡c dá»¥ng ğŸ˜‚
10.0,Xuáº¥t sáº¯c. 
6.4,HÃ i LÃ²ng. BÃ n ngá»“i nhÃ  vá»‡ sinh bá»‹ xáº¥u nÃªn thay má»›i. NÆ°á»›c cháº£y toilet cÅ©ng bá»‹ hÆ°^ cÃ³ Ä‘á» nghá»‹ sá»­a nhÆ°ng váº«n khÃ´ng xÃ i bÃ¬nh thÆ°á»ng Ä‘Æ°á»£c
8.0,Ráº¥t tá»‘t. 
10.0,TrÃªn cáº£ tuyá»‡t vá»i. ok
6.0,Dá»… chá»‹u. 
6.8,Tiá»n nÃ o giÃ¡ Ä‘Ã³. GiÃ¡ cáº£ pháº£i chÄƒng^ nhÃ¢n viÃªn nhiá»‡t tÃ¬nh vui váº». NhÆ°ng niá»‡m náº±m ráº¥t Ä‘au lÆ°ng. CÃºp Ä‘iá»‡n nguyÃªn ngÃ y mÃ  khÃ¡ch sáº¡n khÃ´ng cÃ³ mÃ¡y phÃ¡t Ä‘iá»‡n. TrÆ°a bÃ© cáº§n ngá»§ trÆ°a mÃ  nhÆ° váº­y ráº¥t chi lÃ  cá»±c^ nÃ³ng
8.0,Ráº¥t tá»‘t. 
10.0,Tuyá»‡t vá»i^ sáº½ cÃ²n quay láº¡i. Ráº¥t hÃ i lÃ²ng vá» má»i thá»©. Ai cÃ³ xe hÆ¡i thÃ¬ an tÃ¢m Ä‘áº·t á»Ÿ Ä‘Ã¢y vÃ¬ Ä‘i láº¡i thuáº­n tiá»‡n^ Ä‘áº­u xe an toÃ n^ giÃ¡ phÃ²ng ráº¥t tá»‘t so vá»›i cháº¥t lÆ°á»£ng phÃ²ng^ trang thiáº¿t bá»‹ vÃ  má»i thá»© Ä‘á»u tá»‘t. NÆ°á»›c máº¡nh^ phÃ²ng tiá»‡n nghi vÃ  view nÃ o cÅ©ng cÃ³ náº¯ng chiáº¿u vÃ o phÃ²ng ráº¥t thÃ­ch
9.0,Gud. 
10.0,CÃ³ thang mÃ¡y^ bÃ£i Ä‘áº­u xe hÆ¡i. Æ¯u: cÃ³ thang mÃ¡y^ bÃ£i Ä‘áº­u xe hÆ¡i^ sÃ¡t biá»ƒn vÃ  trung tÃ¢m Ä‘i láº¡i; nÆ°á»›c máº¡nh^ giÆ°á»ng má»n gá»‘i khÄƒn sáº¡ch sáº½ thÆ¡m tho tráº¯ng tinh. GiÃ¡ phÃ²ng bÃ¬nh dÃ¢n nhÆ°ng cháº¥t lÆ°á»£ng tá»‘t^ ráº¥t hÃ i lÃ²ng
4.0,Tháº¥t vá»ng. 
6.0,KS táº¡m á»•n. KS tiá»‡n nghi Ã­t^ táº¡m á»•n^ cÅ©ng gáº§n biá»ƒn^ á»Ÿ trung háº»m yÃªn tÄ©nh^ chá»§ KS thÃ¢n thiá»‡n^ tiá»‡n nghi khÃ´ng cÃ³ gÃ¬ 
7.0,Tá»‘t. 
10.0,KHÃCH Sáº N OK. Sáº¡ch sáº½^ tiá»‡n nghi.
1.0,Cá»±c ká»³ tá»‡. 
7.6,TÃ”ÌT. NHÆ¯NG MIÌ€NH GOÌP YÌ. TÃ‚ÌM CHÄ‚N ÄÄ‚ÌP QUAÌ NHOÌ‰^ MONG CHUÌ‰ KS ÄÃ‚Ì€U TÆ¯ BÃ”Ì£ GRA MÆ ÌI
8.0,Good anh comfortable!. 
6.0,ThÃ¢n thiá»‡n^ giÃ¡ há»£p lÃ½. Æ¯u Ä‘iá»ƒm:  GiÃ¡ há»£p lÃ½^ nhÃ¢n viÃªn thÃ¢n thiá»‡n^ vá»‹ trÃ­ thuáº­n lá»£i Ä‘i ra bÃ£i biá»ƒn Thuá»³ VÃ¢n.. NhÆ°á»£c Ä‘iá»ƒm: khÃ´ng cÃ³ bá»“n táº¯m vÃ  nhiá»u phÃ²ng khÃ´ng cÃ³ cá»­a sá»• nÃªn ngá»™t ngáº¡t.
5.0,TÃ m táº¡m. 
8.8,khÃ¡ch sáº¡n tá»‘t. PhÃ²ng Ä‘áº¹p vÃ  Ä‘áº§y Ä‘á»§ tiá»‡n nghi. CÃ³ thang mÃ¡y vÃ  chá»• Ä‘áº­u xe mÃ¡y xuá»‘ng háº§m an toÃ n. CÃ³ Ä‘iá»u lÃ  sÃ n thang mÃ¡y dÆ¡. NhÃ¢n viÃªn thÃ¢n thiá»‡n vÃ  nhiá»‡t tÃ¬nh
5.0,TÃ m táº¡m. 
7.2,NÆ°á»›c hÆ¡i yáº¿u. MÃ¬nh á»Ÿ láº§u 5^ phÃ²ng cÃ³ cá»­a sá»• nhÆ°ng nÆ°á»›c hÆ¡i yáº¿u tÄƒm máº¥t 20 phÃºt.. KS hÆ¡i quÃ¡ táº£i nÃªn dá»n phÃ²ng vÃ o á»Ÿ liá»n dáº«n Ä‘áº¿n tÃ¬nh tráº¡ng phÃ²ng chÆ°a khÃ´^ cÃ²n áº©m Æ°á»›t.. Vá»‹ trÃ­ thuáº­n tiá»‡n^ nhÃ¢n viÃªn thÃ¢n thiá»‡n vÃ  há»— trá»£ KH.
7.0,KhÃ¡. 
2.0,Tá»‡. Tiá»‡n nghi xuá»‘ng cáº¥p
8.0,PhÃ²ng ok^ nc táº¯m khÃ´ng.... 
9.6,KhÃ¡ch sáº¡n khad tá»‘t. KhÃ¡ch sáº¡n trong háº»m gáº§n bÃ£i sau vÃ  cá»­a hÃ ng 24h. NhÃ¢n viÃªn vui váº»^ phÃ²ng sáº¡ch sáº½. Tuy nhiÃªn mÃ¡y nÆ°á»›c nÃ³ng khÃ´ng nÃ³ng láº¯m^ giÆ°á»ng hÆ¡i nhá»^ á»• cáº¯m náº±m sau lÆ°ng giÆ°á»ng nÃªn khÃ³ sáº¡c. NÃ³i chung mÃ¬nh cáº£m tháº¥y hÃ i lÃ²ng vá» má»©c giÃ¡.
6.0,Má»i thá»© á»•n so vá»›i.... 
10.0,ÄÃ¡ng Ä‘á»“ng tiá»n. KhÃ¡ch sáº¡n gáº§n bÃ£i sau vÃ  gáº§n nhiá»u chá»— du lá»‹ch khÃ¡c á»Ÿ VÅ©ng TÃ u. Äáº§y Ä‘á»§ tiá»‡n nghi^ phÃ²ng sáº¡ch sáº½^ yÃªn tÄ©nh. Chá»§ nhÃ  nghá»‰ vÃ  nhÃ¢n viÃªn phá»¥c vá»¥ tá»‘t^ nhiá»‡t tÃ¬nh. Tuy nhiÃªn^ VÅ©ng TÃ u khÃ´ng cÃ³ nhiá»u cáº£nh Ä‘áº¹p Ä‘á»ƒ du lá»‹ch ngáº¯m cáº£nh vÃ  Äƒn uá»‘ng^ chá»§ yáº¿u lÃ  chá»‰ cÃ³ biá»ƒn vÃ  háº£i sáº£n^ nÃªn chá»‰ thÃ­ch há»£p cho du lá»‹ch tá»« 1 Ä‘áº¿n 2 ngÃ y.
7.0,Tá»‘t. 
8.0,Supper cheap!. PhÃ²ng 3 giÆ°á»ng cho phÃ©p á»Ÿ 6 ngÆ°á»i nhÆ°ng giÃ¡ chá»‰ 380k/1 Ä‘Ãªm.  Vá»‹ trÃ­ ngay trung tÃ¢m dá»… dÃ ng di chuyá»ƒn láº¡i cÃ³ chá»— Ä‘áº­u Ã´ tÃ´ thoáº£i mÃ¡i. KhÃ¡ sáº¡ch sáº½^ khÃ¡ch sáº¡n khÃ´ng quÃ¡ má»›i nhÆ°ng khÃ´ng cÅ© ká»¹ khÃ´ng cÃ³ mÃ¹i áº©m má»‘c^ phÃ²ng cÃ³ 1 máº·t tiá»n nhiá»u cá»­a sá»•^ thoÃ¡ng. Ã”ng chá»§ vui tÃ­nh dá»… chá»‹u. 
5.0,TÃ m táº¡m. 
10.0,Chá»— á»Ÿ tá»‘t^ gáº§n biá»ƒn. Gáº§n biá»ƒn^ tÆ°Æ¡ng Ä‘á»‘i sáº¡ch sáº½^ nhÃ¢n viÃªn thÃ¢n thiá»‡n 
6.0,Dá»… chá»‹u. 
7.6,PhÃ²ng á» Tá»‘t. PhÃ²ng á»Ÿ tá»‘t^ sáº¡ch sáº½ nhÆ°ng cÃ³ chÃºt áº©m. 
10.0,Chá»— nghÄ© sáº¡ch sáº½^ gáº§n.... 
6.0,BÃ¬nh thÆ°á»ng. Cháº¥t lÆ°á»£ng tÆ°Æ¡ng á»©ng vá»›i giÃ¡ tiá»n
9.0,Ká»³ nghi le tuyet voi. 
5.2,giá»‘ng nhÃ  nghá»‰^ k pháº£i ks. nÆ°á»›c yáº¿u^ k nÆ°á»›c nÃ³ng^ tá»§ láº¡nh hÆ°^ Ä‘Ã¨n chÃ¹m phÃ²ng k sÃ¡ng. Bá»“n cáº§u cÅ©
6.0,ÄÃ¡ng Ä‘á»ƒ lÆ°u láº¡i. 
8.0,Dá»‹ch vu tá»‘t nhÆ°ng hy vá»ng phuc vá»¥ bá»¯a sÃ¡ng chuáº©n bá»‹ nhanh lÃªn 1 chÃºt ná»­a lÃ  quÃ¡ tuyá»‡t vá»i lun . PhÃ²ng Ä‘áº¹p. Nhan viÃªn lá»‹ch sá»±. Dang giÃ¡ tiá»n 
7.0,Tá»‘t. 
5.6,KhÃ´ng cÃ³ nÆ°á»›c nÃ³ng láº¡nh. PhÃ²ng á»‘c táº¡m á»•n^ thang mÃ¡y hÆ° haizzz
7.0,Phá»¥ há»£p vá»›i sá»‘ tiá»n.... 
7.6,Ok. OK
10.0,Xuáº¥t sáº¯c. 
3.2,Cháº¥p nháº­n Ä‘Æ°á»£c. Khach San gan biá»ƒn^ Rat thuan loi de dao Xung qanh!
1.0,Terrible. 
2.0,Thiáº¿u chuyÃªn nghiá»‡p . NhÃ¢n viÃªn lá»… tÃ¢n nam khÃ´ng chuyÃªn nghiá»‡p thiáº¿u lá»… Ä‘á»™ vs khÃ¡ch hÃ ng ko Ä‘á»§ ká»¹ nÄƒng Ä‘á»ƒ lÃ m trong ngÃ nh dá»‹ch vá»¥ khÃ¡ch hÃ ng 
6.0,Dá»… chá»‹u. 
7.2,Good. BÃ£i Ä‘áº­u xe khÃ´ng cÃ³^ Ä‘á»ƒ xe ngoÃ i trá»i
10.0,Xuáº¥t sáº¯c. 
7.6,khÃ¡ á»•n. KhÃ¡ch sáº¡n khÃ¡ á»•n. Sáº½ ghÃ© láº¡i náº¿u cÃ³ nhu cáº§u. Tuy nhiÃªn 1 sá»‘ thiáº¿t bá»‹ Ä‘iá»‡n tá»­ trong phÃ²ng nhÆ° tá»§ láº¡nh^ tivi hoáº¡t Ä‘á»™ng chÆ°a tá»‘t. Cáº§n cáº£i thiá»‡n thÃªm!
9.0,Tuyá»‡t háº£o. 
7.6,khÃ¡ á»•n. mÃ¬nh khÃ¡ hÃ i lÃ²ng vá» khÃ¡ch san^  tiáº¿p tÃ¢n thÃ¢n thiÃªn^ phÃ²ng  sach sáº½^ cÃ  phÃª  khÃ¡ ngon^ thÃ­ch nháº¥t lÃ  ks cÃ³ sÃ¢n Ä‘á»ƒ uá»‘ng nÆ°á»›c vÃ  cho tráº» chÆ¡i^ mÃ¬nh Ä‘at cÆ¡m trÆ°a  á»Ÿ  ks  khÃ¡ ngon
9.0,Tuyá»‡t háº£o. 
6.8,HÃ i LÃ²ng. khÃ¡ch sáº¡n sáº¡ch sáº½^ nhÃ¢n viÃªn thÃ¢n thiá»‡n
9.0,Tuyá»‡t háº£o. 
3.2,PhÃ²ng quÃ¡ dÆ¡. MÃ¬nh book cho ba máº¹ ^ba máº¹ vá» la quÃ¡ trá»i^phÃ²ng vÃ  toilet quÃ¡ dÆ¡
10.0,Xuáº¥t sáº¯c. 
7.0,Tá»‘t. 
10.0,Xuáº¥t sáº¯c. 
10.0,Xuáº¥t sáº¯c. 
10.0,Chá»— á»Ÿ ráº¥t tá»‘t. 
7.0,Good weeken. 
8.0,Ráº¥t tá»‘t. 
5.6,BÃ¬nh thÆ°á»ng. Thiáº¿t káº¿ phÃ²ng khÃ´ng Ä‘Æ°á»£c okey
10.0,nÃ³i chung lÃ  táº¥t cáº£.... 
5.2,TrÃªn Trung BÃ¬nh. KhÃ´ng nhÆ° mÃ´ táº£ trÃªn trang: PhÃ²ng nhá» hÆ¡n diá»‡n tÃ­ch miÃªu táº£^ khÃ´ng cÃ³ Ä‘á»§ trang thiáº¿t bá»‹ trong phÃ²ng (khÃ´ng cÃ³ mÃ¡y sáº¥y^ khi cáº§n xÃ i pháº£i liÃªn há»‡ tiáº¿p tÃ¢n)^ phÃ²ng khÃ´ng cÃ³ cá»­a sá»•
5.0,Má»i thá»© Ä‘á»u oke nhÆ°ng.... 
5.6,táº¡m á»•n. phÃ²ng Ã³c thÃ¬ táº¡m á»•n nhÆ°ng thiáº¿t bá»‹ cÃ³ váº» chÆ°a tá»‘t
8.0,Very Good. 
4.4,Háº¿t sá»©c tháº¥t vá»ng. Chá»‰ vÃ¬ lÃ m dÃ­nh mÃ¡u trÃªn drap giÆ°á»ng mÃ  báº¯t Ä‘á»n 200k vá»›i lÃ­ do lÃ  drap nÃ y giáº·t rá»“i táº©y chá»— mÃ¡u lÃ  sáº½ hÆ°. KhÃ´ng hiá»ƒu ná»•i
9.0,Sáº½ ghÃ© láº¡i vÃ o láº§n.... 
5.2,TÃ´i Ä‘áº·t phÃ²ng GÄ 3 giÆ°á»ng nhÆ°ng khi nháº­n giÆ°á»ng quÃ¡ bÃ© khÃ´ng giá»‘ng nhÆ° hÃ¬nh áº£nh web Ä‘Æ°a ra tÃ´i ráº¥t tháº¥t vá»ng vá» Ä‘iá»u nÃ y. KhÃ´ng cÃ³ phÃ²ng cho tÃ i xáº¿
5.2,Tiá»‡n nghi kÃ©m. NhÃ¢n viÃªn dá»… thÆ°Æ¡ng^ Ä‘á»™ tiá»‡n nghi hÆ¡i kÃ©m^ mÃ¡y láº¡nh hay hÆ°^ khÃ´ng cÃ³ mÃ¡y sáº¥y nhÆ° Ä‘á»ƒ trÃªn dá»‹ch vá»¥ lÃºc Ä‘áº·t phÃ²ng
7.0,PhÃ²ng gáº§n biá»ƒn. 
5.0,TÃ m táº¡m. 
10.0,Xuáº¥t sáº¯c. 
9.0,Tuyá»‡t háº£o. 
8.0,Ráº¥t tá»‘t. 
7.1,Tá»‘t. 
6.3,Dá»… chá»‹u. 
8.8,Vui váº». 
9.2,Oki. 
4.6,Ráº¥t dÆ¡. 
7.5,Tá»‘t. 
10.0,PhÃ²ng Ä‘áº¹p sáº¡ch sáº½.. 
8.8,ká»³ nghá»‰ khÃ¡ tá»‘t mÃ¬nh.... 
8.3,tot. 
5.8,Cháº¥p nháº­n Ä‘Æ°á»£c. 
7.9,ÄÃ£ quay láº¡i láº§n 2. 
7.5,khÃ¡ tá»‘t. 
8.3,NgÃ y nghá»‰ tuyá»‡t vá»i cÃ¹ng.... 
7.1,Tá»‘t. 
7.1,Tá»‘t. 
9.6,quÃ¡ tá»‘t cho 1 ká»³.... 
10.0,Xuáº¥t sáº¯c. 
2.9,Tá»‡. 
8.8,Tuyá»‡t vá»i. 
7.9,NÃ³i chung ká»³ nghÄ© tháº­t.... 
8.8,Ká»³ nghá»‰ ráº¥t thoáº£i mÃ¡i..... 
10.0,Xuáº¥t sáº¯c. 
7.9,VÅ©ng TÃ u thÃ¢n thiá»‡n tuyá»‡t. 
3.8,Minh nhÃ¢n Ä‘i ngÃ y thÆ°á»ng.... 
5.0,KhÃ´ng xá»©ng Ä‘Ã¡ng vá»›i sá»‘.... 
7.5,ok. 
10.0,Thoáº£i mÃ¡i vÃ  vui váº». 
4.8,PhÃ²ng khÃ´ng Ä‘Ã¡ng giÃ¡ tiá»n. ChÃºng tÃ´i check in buá»•i tá»‘i muá»™n^ máº·c dÃ¹ Ä‘Ã£ Ä‘áº·t trÆ°á»›c phÃ²ng 2 ngÆ°á»i cÃ³ cá»­a sá»•^ nhÆ°ng khi Ä‘áº¿n nháº­n phÃ²ng^ lá»… tÃ¢n báº£o loáº¡i phÃ²ng tÃ´i muá»‘n Ä‘Ã£ háº¿t vÃ  Ä‘Æ°a chÃºng tÃ´i vÃ o phÃ²ng khÃ´ng cá»­a sá»• á»Ÿ táº§ng trá»‡t. PhÃ²ng tuy sáº¡ch sáº½ nhÆ°ng khÃ¡ nhá» vÃ  ngá»™p^ nÆ°á»›c trong nhÃ  táº¯m Ä‘Ã´i khi bá»‹ ngháº¹t.. TÃ´i hÆ¡i khÃ³ chá»‹u vÃ¬ phÃ²ng khÃ´ng Ä‘Ãºng nhÆ° nhá»¯ng yÃªu cáº§u tÃ´i Ä‘áº·t trÃªn Agoda. 
8.0,Tuyá»‡t vá»i. 
8.8,GiÃ¡ vÃ  dá»‹ch vá»¥ á»•n so vá»›i máº·t báº±ng chung. Ks má»›i nÃªn ráº¥t sáº¡ch sáº½^ style phÃ²ng dá»… thÆ°Æ¡ng vÃ  cÆ¡ sá»Ÿ váº­t cháº¥t trong phÃ²ng khÃ¡ tá»‘t^ thoáº£i mÃ¡i khi sá»­ dá»¥ng. Vá»‹ trÃ­ ks náº±m trong con Ä‘Æ°á»ng gáº§n máº·t tiá»n Ä‘á»‘i diá»‡n biá»ƒn. NhÃ¢n viÃªn hÆ¡i kiá»ƒu cÃ¢y nhÃ  lÃ¡ vÆ°á»n (bÃ¡c báº£o vá»‡ máº·c Ã¡o phanh ngá»±c^ lá»… tÃ¢n trá»±c Ä‘t cÃºp mÃ¡y trÆ°á»›c khi nÃ³i xong thÃ´ng tin^ cáº£ 2 bÃ¡c báº£o vá»‡ vÃ  nhÃ¢n viÃªn hiáº¿m khi cÆ°á»i vá»›i khÃ¡ch^ vv) nhÆ°ng nhÃ¬n chung váº«n chÆ°a cÃ³ váº¥n Ä‘á» gÃ¬ lá»›n. Má»i thá»© sáº½ tá»‘t hÆ¡n náº¿u nhÃ¢n viÃªn Ä‘Æ°á»£c training kÄ© cÃ ng.
9.0,Tuyá»‡t háº£o. 
8.8,GÃ³p Ã½ Novena Hotel. Ráº¥t hÃ i lÃ²ng vá» vá»‹ trÃ­ khÃ¡ch sáº¡n ráº¥t gáº§n biá»ƒn^ á»Ÿ máº·t tiá»n Ä‘Æ°á»ng lá»›n nÃªn Ä‘áº­u xe hÆ¡i thuáº­n tiá»‡n^ khÃ¡ch sáº¡n má»›i  nhÆ° quáº£ng cÃ¡o. Tuy nhiÃªn^ nÆ°á»›c vÃ²i hoa sen phÃ²ng mÃ¬nh á»Ÿ ráº¥t yáº¿u nÃªn táº¯m lÃ¢u (P.105) trong khi vÃ²i rá»­a tay vÃ  vÃ²i xá»‹t ráº¥t máº¡nh. GÃ³p Ã½ thÃªm: KS nÃªn Ä‘Ã³ng 1 cÃ¡i ká»‡/giÃ¡ Ä‘á»¡ nhá» trong phÃ²ng táº¯m (khu vá»±c ngÄƒn kÃ­nh) Ä‘á»ƒ bá» cÃ¡c chai lá» sá»¯a táº¯m^ dáº§u gá»i^ sá»¯a rá»­a máº·t ... cho tiá»‡n!
8.0,Ráº¥t tá»‘t. 
8.4,Tuyá»‡t vá»i. Äiá»ƒm cá»™ng:. KhÃ¡ch sáº¡n má»›i xÃ¢y nÃªn phÃ²ng Ã³c ráº¥t Ä‘áº¹p^ sáº¡ch^ khang trang. NhÃ¢n viÃªn lá»… tÃ¢n thÃ¢n thiá»‡n^ nhiá»‡t tÃ¬nh. Ráº¥t gáº§n biá»ƒn (Ä‘i bá»™ 2 phÃºt). CÃ¡c quÃ¡n Äƒn uá»‘ng vÃ  cá»­a hÃ ng tiá»‡n lá»£i xung quanh khÃ¡ch sáº¡n. Äiá»ƒm trá»«:. Wifi khi á»Ÿ trong phÃ²ng ráº¥t yáº¿u^ á»•n Ä‘á»‹nh vÃ  máº¡nh nháº¥t á»Ÿ khu vá»±c tiá»n sáº£nh vÃ  lá»… tÃ¢n
9.0,Tuyá»‡t háº£o. 
8.0,KhÃ¡ hÃ i lÃ²ng . KhÃ¡ch sáº¡n vá»‹ trÃ­ Ä‘áº¹p^ ngay máº·t tiá»n^ khÃ´ng cÃ³ Äƒn sÃ¡ng^ phÃ²ng tiá»‡n nghi vÃ  sáº¡ch. Tuy nhiÃªn^ gá»‘i ngá»§ hÆ¡i cá»©ng vÃ  cao^ phÃ²ng cÃ¡ch Ã¢m kÃ©m (sinh hoáº¡t riÃªng tÆ° nghe ráº¥t rÃµ)^ náº¿u Ä‘i vÃ o mÃ¹a cao Ä‘iá»ƒm sáº½ ráº¥t á»“n Ã o. NgoÃ i 2 Ä‘iá»ƒm trÃªn thÃ¬ táº¥t cáº£ Ä‘á»u khÃ¡ tá»‘t^ sáº½ quay láº¡i láº§n sau.
6.0,Dá»… chá»‹u. 
6.8,Ok. TÃ´i Ä‘Ã£ ghÃ© Ä‘Ã¢y 2 láº§n^ tÃ´i ko phÃ n nÃ n gÃ¬ nhiá»u vá» tiá»‡n nghi vÃ  thÃ¡i Ä‘á»™ nhÃ¢n viÃªn. TÃ´i nghÄ© cÃ¡c báº¡n nÃªn chuyÃªn nghiá»‡p hÆ¡n á»Ÿ khÃ¢u dá»n phÃ²ng(dá»n phÃ²ng khÃ¡ qua loa)^ vÃ¬ náº¿u khÃ´ng thÃ¬ khÃ¡ch sáº¡n sáº½ xuá»‘ng cáº¥p nhanh. DÄ© nhiÃªn sáº½ khÃ´ng lÃ  lá»±a chá»n tá»‘t vá»›i tÃ´i cho nhá»¯ng chuyáº¿n Ä‘i sau
10.0,tuyá»‡t vá»i. 
10.0,KHACH SAN QUA OK. Khach san rat moi^ rong rai^ sach se^ moi thu qua tot . Luc cong ty minh di^ gia phong duoc giam gia 30% nen so voi gia  do^ thi  khach san vuot so voi mong doi 
8.0,Ráº¥t tá»‘t. 
9.2,Sáº¡ch^ Ä‘áº¹p^ cÃ³ há»“ bÆ¡i. ThÃ¢n thiá»‡n.. GiÃ¡ há»£p lÃ­
10.0,Xuáº¥t sáº¯c. 
9.6,KhÃ¡ch sáº¡n á»Ÿ vá»‹ trÃ­ khÃ¡ tá»‘t. KhÃ¡ch sáº¡n sáº¡ch sáº½^ Ä‘áº§y Ä‘á»§ cÃ¡c tiá»‡n nghi vÃ  cÃ³ vá»‹ trÃ­ tá»‘t Ä‘á»ƒ ra biá»n má»™t cÃ¡ch nhanh chÃ³ng
9.0,Thoáº£i mÃ¡i tuyá»‡t vá»i. 
8.8,Good. Worth the money^ don't be so strict. KhÃ¡ch sáº¡n tuyá»‡t vá»i trong táº§m giÃ¡^Ä‘áº¹p^ gáº§n biá»ƒn^ Ä‘áº§y Ä‘á»§ tiá»‡n nghi^ phÃ²ng mÃ¬nh view biá»ƒn nÃªn khÃ¡ Ä‘Ã£^ cÃ³ má»—i Ä‘iá»u nhá» lÃ  cÃ¡i gá»‘i nÃ³ cao quÃ¡ lÃ m mÃ¬nh khÃ³ ngá»§^ giÃ¡ mÃ  khÃ¡ch sáº¡n bonus thÃªm gá»‘i tháº¥p^ Wifi yáº¿u nÃªn ai Ä‘i tá»± chuáº©n bá»‹ 3G.   KhÃ¡ch sáº¡n tá»‘t nhÆ° tháº¿ nÃ y mÃ  nhiá»u ngÆ°á»i Ä‘Ã¡nh giÃ¡ khÃ´ng tá»‘t^Ä‘áº¿n VÅ©ng TÃ u láº§n sau mÃ¬nh sáº½ ghÃ© láº¡i Ä‘Ã¢y. 
10.0,Xuáº¥t sáº¯c. 
10.0,KhÃ¡ch sáº¡n má»›i^ sáº¡ch sáº½ vÃ  tiá»‡n nghi.. Tá»a láº¡c táº¡i sá»‘ 302 Phan Chu Trinh^ phÆ°á»ng 2^ VÅ©ng TÃ u. CÃ¡ch bÃ£i sau chá»‰...1 phÃºt Ä‘i bá»™. Náº±m á»Ÿ vá»‹ trÃ­ Ä‘áº¯c Ä‘á»‹a (bá» biá»ƒn du lá»‹ch ná»•i tiáº¿ng á»Ÿ VÅ©ng TÃ u).. Quanh khÃ¡ch sáº¡n cÃ³ nhiá»u tiá»‡m tiá»‡n lá»£i^ táº¡p hÃ³a vÃ  cÃ¡c quÃ¡n Äƒn nÃªn khÃ´ng cáº§n pháº£i lo láº¯ng vá» nhá»¯ng nhu yáº¿u pháº©m cáº§n thiáº¿t.. PhÃ²ng hÆ¡i nhá» nhÆ°ng sÃ¡ng sá»§a vÃ  sáº¡ch sáº½^ trang thiáº¿t bá»‹ hiá»‡n Ä‘áº¡i vÃ  hoáº¡t Ä‘á»™ng tá»‘t^ cÃ³ thÃªm trÃ ^ cafe vÃ  nÆ°á»›c suá»‘i miá»…n phÃ­. Gá»— lÃ³t sÃ n nhÃ¬n báº¯t máº¯t vÃ¬ khÃ¡ má»›i (tuy nhiÃªn vá»›i khÃ´ng khÃ­ biá»ƒn vÃ  nhá»¯ng Ä‘Ã´i chÃ¢n Æ°á»›t kÃ¨m cÃ¡t biá»ƒn vÃ  nÆ°á»›c muá»‘i náº¿u khÃ´ng báº£o dÆ°á»¡ng vÃ  vá»‡ sinh kÄ© sáº½ ráº¥t mau xuá»‘ng cáº¥p). PhÃ²ng 2 ngÆ°á»i nhÆ°ng Ä‘áº·t 3 bá»™ khÄƒn (cÃ³ thá»ƒ lÃ  1 bá»™ Ä‘á»ƒ Ä‘i ra táº¯m biá»ƒn) khÃ¡ áº¥n tÆ°á»£ng vá» Ä‘iá»u nÃ y.. NhÃ¢n viÃªn thÃ¢n thiá»‡t^ vui váº» vÃ  niá»m ná»Ÿ. Báº£o vá»‡ 24/24^ khi vá»±c Ä‘á»— xe mÃ¡y cÃ³ rÃ o cháº¯n khÃ³a vÃ o ban Ä‘Ãªm nÃªn khÃ¡ an tÃ¢m.. Äiá»u gÃ¢y khÃ³ chá»‹u cho chÃºng tÃ´i lÃ  váº¥n Ä‘á» nÆ°á»›c nÃ³ng: pháº£i chá» tÆ°Æ¡ng Ä‘á»‘i lÃ¢u má»›i cÃ³ (chá»‰ lÃ  áº¥m áº¥m chá»© k nÃ³ng) vÃ  Ä‘áº·c biá»‡t buá»•i tá»‘i lÃ  khÃ´ng cÃ³ luÃ´n. Váº¥n Ä‘á» tiáº¿p theo lÃ  vá» rÃ¨m che cá»­a sá»• (dÃ¹ng loáº¡i dÃ¡n thay vÃ¬ kÃ©o - khÃ¡ báº¥t tiá»‡n vÃ  náº±m trÃªn cao^ khÃ´ng phÃ¹ há»£p vá»›i nhá»¯ng ngÆ°á»i cÃ³ chiá»u cao khiÃªm tá»‘n).
5.0,Tá»‘t. 
7.6,á»”N!. Ks má»›i nÃªn cÆ¡ báº£n lÃ  á»•n!
10.0,tuyá»‡t vá»i. 
8.8,Ok. KhÃ¡ch sáº¡n sáº¡ch^ tiá»‡n nghi vá»«a Ä‘á»§ vá»›i táº§m giÃ¡^ vá»‹ trÃ­ gáº§n biá»ƒn.  Mong khÃ¡ch sáº¡n báº£o trÃ¬ tá»‘t Ä‘á»ƒ giá»¯ Ä‘Æ°á»£c sá»± sáº¡ch sáº½ vÃ  tiá»‡n nghi Ä‘ang cÃ³
5.0,Táº¡m á»•n. 
8.8,GiÃ¡ ráº» so vá»›i cháº¥t lÆ°á»£ng. Vá»‹ trÃ­ ráº¥t thuáº­n lá»£i^ buá»•i tá»‘i cÃ³ quan chÃ¡o má»±c ráº¥t ngon. NhÆ°ng phÃ²ng ko cÃ³ cÃ¡ch Ã¢m nÃªn ráº¥t á»“n khi phÃ²ng bÃªn cáº¡nh ra vÃ o .... . KhÃ´ng phÃ¹ há»£p vá»›i gia Ä‘Ã¬nh cÃ³ bÃ© nhá» cáº§n ngá»§ sá»›m
8.0,chÃº báº£o vá»‡ thÃ¢n thiá»‡n^.... 
10.0,Ráº¥t hÃ i lÃ²ng^ sáº½ tiáº¿p tuÌ£c chá»n Novena khi cÃ³ diÌ£p Ä‘áº¿n VÅ©ng TÃ u. KhÃ´ng gian phÃ²ng ráº¥t áº¥m cÃºng vÃ  tiá»‡n nghi.
10.0,Xuáº¥t sáº¯c. 
9.2,Äep^ sáº¡ch^giÃ¡ há»£p lÃ½. KhÃ¡ch sáº¡n Ä‘áº¹p^ sáº¡ch Ä‘áº§y Ä‘á»§ tiá»‡n nghi^náº±m trÃªn vá»‹ trÃ­ gáº§n biá»ƒn vÃ  cÃ¡c Ä‘iá»ƒm vui chÆ¡i Äƒn uá»‘ng^
8.0,Tá»‘t. 
8.4,Tá»‘t. Sáº¡ch sáº½ 
10.0,Xuáº¥t sáº¯c. 
10.0,Má»i thá»© Ä‘á»u tá»‘t. Ks má»›i vÃ  sáº¡ch sáº½^ nhÃ¢n viÃªn thÃ¢n thiá»‡n^ vá»‹ trÃ­ thuáº­n tiá»‡n . QuÃ¡ tá»‘t trong táº§m giÃ¡
8.0,KhÃ¡ch sáº¡n tá»‘t. 
6.4,NhÃ¢n viÃªn quÃ¡ dá»Ÿ. KhÃ¡ch sáº¡n sáº¡ch sáº½. NhÃ¢n viÃªn tiáº¿p tÃ¢n thÃ¡i Ä‘á»™ nhÆ° chÆ°a Ä‘Æ°á»£c Ä‘Ã o táº¡o^ báº¥t cáº§n khÃ¡ch. Cháº¯c cÃ³ láº½ do khÃ´ng cÃ³ chá»§.
9.0,Tuyá»‡t háº£o. 
7.2,KhÃ¡ch sáº¡n má»›i xÃ¢y gáº§n biá»ƒn. NÃ³i chung khÃ¡ch sáº¡n má»›i^ tiá»‡n nghi cÅ©ng vá»«a pháº£i Ä‘Æ°á»£c cÃ¡i sáº¡ch sáº½^ Ä‘i bá»™ ra biá»ƒn Ä‘Æ°á»£c
7.0,táº¡m Ä‘Æ°á»£c. 
4.0,Táº¡m á»•n. Má»i thá»© Ä‘á»u á»•n^ nhÃ¢n viÃªn lá»… tÃ¢n khÃ´ng thÃ¢n thiá»‡n vÃ  nhiá»‡t tÃ¬nh.
8.0,Ráº¥t tá»‘t. 
9.6,Äá»‹a Ä‘iá»ƒm tuyá»‡t vá»i. KhÃ¡ch sáº¡n má»›i xÃ¢y dá»±ng^ ná»™i tháº¥t má»›i^ sáº¡ch sáº½^  vá»›i Ä‘á»‹a Ä‘iá»ƒm thuáº­n tiá»‡n Ä‘i bá»™ ra biá»ƒn ^ nhÃ¢n viÃªn ráº¥t dá»… thÆ°Æ¡ng. 
10.0,Xuáº¥t sáº¯c. 
7.2,Sáº½ quay láº¡i. KhÃ¡ch sáº¡n gáº§n biá»ƒn nÃªn thuáº­n tiá»‡n Ä‘i dáº¡o^ hÃ³ng giÃ³. Gáº§n cá»­a hÃ ng tiá»‡n lá»£i Circle K nÃªn dá»… dÃ ng mua nhá»¯ng thá»© thiáº¿t yáº¿u. PhÃ²ng á»‘c chá»§ yáº¿u lÃ  gá»—^ khÃ¡ thoÃ¡ng mÃ¡t. BÃ¡c báº£o vá»‡ thÃ¢n thiá»‡n^ vui tÃ­nh. HÆ¡i xa chá»£ Ä‘Ãªm vÃ  quÃ£ng trÆ°á»ng náº¿u Ä‘i bá»™
8.0,Thá»§ tá»¥c Ä‘Äƒng kÃ½ rÆ°á»m.... 
6.4,Can goc va muoi. PhÃ²ng gÃ³c nhÃ  vá»‡ sinh nÆ°á»›c cháº£y cháº­m vÃ  cháº­t. CÃ³ muá»—i trong phÃ²ng 
8.0,Ráº¥t tá»‘t. 
5.6,TrÃªn Trung BÃ¬nh. khÃ´ng cÃ³ Äƒn sÃ¡ng miá»…n phÃ­. PhÃ²ng sáº¡ch^ ná»™i tháº¥t má»›i. nhÆ°ng khÃ´ng thoÃ¡ng.
9.0,Tuyá»‡t háº£o. 
8.0,Ráº¥t tá»‘t. Ná»™i tháº¥t Ä‘áº¹p^ giÃ¡ tá»‘t^ gáº§n bá» biá»ƒn. Wifi quÃ¡ kÃ©m. Gá»‘i ko sáº¡ch
10.0,Xuáº¥t sáº¯c. 
10.0,Äi 3 ngÃ y^  á»Ÿ 3 phÃ²ng  vÃ  cáº£m tháº¥y phÃ²ng nÃ o cÅ©ng tuyá»‡t. Äi 3 ngÃ y^  á»Ÿ 3 phÃ²ng  vÃ  cáº£m tháº¥y phÃ²ng nÃ o cÅ©ng tuyá»‡t
10.0,Tuyá»‡t vá»i. 
10.0,Äi 3 ngÃ y^  á»Ÿ 3 phÃ²ng  vÃ  cáº£m tháº¥y phÃ²ng nÃ o cÅ©ng tuyá»‡t. Äi 3 ngÃ y^  á»Ÿ 3 phÃ²ng  vÃ  cáº£m tháº¥y phÃ²ng nÃ o cÅ©ng tuyá»‡t. KhÃ¡ch sáº¡n ráº¥t sáº¡ch sáº½^ thoÃ¡t mÃ¡t. Trang thiáº¿t  bá»‹ ráº¥t má»›i.. NhÃ¢n viÃªn thÃ¢n thiá»‡n.
5.0,TÃ m táº¡m. 
10.0,Äi 3 ngÃ y^  á»Ÿ 3 phÃ²ng  vÃ  cáº£m tháº¥y phÃ²ng nÃ o cÅ©ng tuyá»‡t. Äi 3 ngÃ y^  á»Ÿ 3 phÃ²ng  vÃ  cáº£m tháº¥y phÃ²ng nÃ o cÅ©ng tuyá»‡t. KhÃ¡ch sáº¡n ráº¥t sáº¡ch sáº½^ thoÃ¡t mÃ¡t. Trang thiáº¿t  bá»‹ ráº¥t má»›i.. NhÃ¢n viÃªn thÃ¢n thiá»‡n.
6.0,Chá»‰ cÃ³ 1 em Nam.... 
6.8,ÄÃ¡ng giÃ¡ tiá»n. Æ¯u: khÃ¡ch sáº¡n má»›i. NhÆ°á»£c: cÃ¡ch Ã¢m kÃ©m^ wifi yáº¿u gÃ¢y khÃ³ chá»‹u trong quÃ¡ trÃ¬nh sá»­ dá»¥ng. PhÃ²ng 3 hÆ¡i cháº­t.
10.0,Xuáº¥t sáº¯c. 
3.6,Cháº¥p nháº­n Ä‘Æ°á»£c. Ks vÃ  agoda nÃªn trung thá»±c trong cÃ¡ch Ä‘áº·t phÃ²ng ^ nÃªn cÃ³ thÃªm phÃ²ng táº§ng trá»‡t Ä‘
5.0,TÃ m táº¡m. 
4.4,KhÃ´ng xá»©ng Ä‘Ã¡ng vá»›i giÃ¡ tiá»n bá» ra. PhÃ²ng nhá»^ khÃ´ng Ä‘Æ°á»£c sÃ¡ng sá»§a. NhÃ  táº¯m hÆ¡i báº©n
10.0,Ráº¥t tá»‘t. 
10.0,KhÃ¡ch sáº¡n ráº¥t tá»‘t. NhÆ°á»£c Ä‘iá»ƒm cÃ¡ch Ã¢m hÆ¡i kÃ©m^ cÃ²n láº¡i Ä‘á»u tá»‘t
8.0,Ráº¥t tá»‘t. 
9.2,KhÃ¡ch sáº¡n má»›i^ sáº¡ch Ä‘áº¹p yÃªn tÄ©nh.. KhÃ¡ch sáº¡n má»›i^ sáº¡ch Ä‘áº¹p yÃªn tÄ©nh. BÃ£i biá»ƒn cÅ©ng khÃ¡ gáº§n. Äi bá»™ táº§m 10-15' lÃ  Ä‘áº¿n. Sáº½ quay láº¡i ğŸ‘ğŸ»
10.0,Xuáº¥t sáº¯c. 
8.8,Nice hotel. Good service . Ks má»›i^ sáº¡ch sáº½^ tiá»‡n nghi. Staff dá»… thÆ°Æ¡ng. PhÃ²ng cÃ¡ch Ã¢m hÆ¡i kÃ©m xÃ­u nÃªn váº«n nghe tiáº¿ng á»“n Ã o bÃªn ngoÃ i
9.0,ÄÃ¡nh giÃ¡ khÃ¡ch sáº¡n 10.... 
10.0,Ráº¥t tá»‘t. Ráº¥t tá»‘t
10.0,Xuáº¥t sáº¯c. 
10.0,Tuyá»‡t. KhÃ¡ch sáº¡n má»›i^ gáº§n biá»ƒn^ sáº¡ch sáº½^ nhÃ¢n viÃªn nhiá»‡t tÃ¬nh^ sáº½ quay láº¡i!
6.0,Dá»… chá»‹u. 
8.0,Book phÃ²ng 207 ngoÃ i cÃ¹ng wifi khÃ´ng dÃ¹ng dc vÃ  ko dc há»— trá»£ nhÆ° mong muá»‘n. Má»i thá»© Ä‘á»u good trá»« wifi
10.0,Tuyá»‡t vá»i. 
10.0,Tuyá»‡t vá»i. KhÃ¡ch sáº¡n má»›i xÃ¢y^ vá»‹ trÃ­ tá»‘t^ sáº¡ch sáº½^ Ä‘áº§y Ä‘á»§ tiá»‡n nghi^ cÃ³ cho thuÃª xe mÃ¡y nhÆ°ng xe hÆ¡i cÅ©^ sáº½ quay láº¡i náº¿u láº¡i Ä‘áº¿n VÅ©ng TÃ u
7.0,Tá»‘t. 
6.4,HÃ i LÃ²ng. KhÃ¡ch sáº¡n má»›i^ tiá»‡n nghi Ä‘á»§^ nhÃ¢n viÃªn thÃ¢n thiá»‡n nhÆ°ng take care khÃ¡ch hÃ ng chÆ°a Ä‘Æ°á»£c chu Ä‘Ã¡o^ mÆ°á»£n vÃ i mÃ³n Ä‘á»“ láº·t váº·t luÃ´n nháº­n Ä‘Æ°á»£c cÃ¢u tráº£ lá»i Ä‘Æ¡n giáº£n: khÃ´ng cÃ³^ lÃ  xong.
8.0,Ráº¥t tá»‘t. 
10.0,Ráº¥t tá»‘t. PhÃ²ng nhá» mang láº¡i cáº£m giÃ¡c áº¥m cÃºng
8.0,Chá»— nghÄ© Ä‘Ã¡ng chá»n. 
7.6,Ráº¥t tá»‘t. KhÃ¡ch sáº¡n ok^vá»‹ trÃ­ tá»‘t^giÃ¡ sáº½ tá»‘t hÆ¡n náº¿u chÃºng ta sÄƒn Ä‘Æ°á»£c chÆ°Æ¡ng trÃ¬nh khuyáº¿n mÃ£i^nhÃ¢n viÃªn hoÃ  Ä‘á»“ng.
8.0,Tuyá»‡t vá»i. 
9.6,Tá»‘t. KhÃ¡ch sáº¡n vá»‹ trÃ­ Ä‘áº¹p ^ anh lá»… tÃ¢n vÃ  chÃº báº£o vá»‡ ráº¥t nhiá»‡t tÃ¬nh ^ cÃ¡m Æ¡n. 
9.0,Tuyá»‡t háº£o. 
10.0,TrÃªn cáº£ tuyá»‡t vá»i. KhÃ¡ch sáº¡n sáº¡ch sáº½ phuc vu ok
9.0,Tá»‘t^ gáº§n biá»ƒn^ sáº¡ch sáº½. 
10.0,TrÃªn cáº£ tuyá»‡t vá»i. Ks ráº¥t sáº¡ch ^ vá»‹ trá»‹ thuáº­n lá»£i. ^ cáº£m giÃ¡c ráº¥t thoáº£i mÃ¡i  ^ 2 láº§n Ä‘i vtau mÃ¬nh Ä‘á»u á»Ÿ Ä‘Ã¢y . Sau nÃ y cÃ³ dá»‹p sáº½ quay láº¡i 
9.0,Tuyá»‡t háº£o. 
10.0,TrÃªn cáº£ tuyá»‡t vá»i. ráº¥t tá»‘t
10.0,Xuáº¥t sáº¯c. 
10.0,TrÃªn cáº£ tuyá»‡t vá»i. KhÃ¡ch sáº¡n gáº§n biá»ƒn^ Ä‘i vÃ i bÆ°á»›c lÃ  cÃ³ thá»ƒ ra biá»ƒn táº¯m luÃ´n. Gáº§n Miáº¿u HÃ²n BÃ ^ ChÃºa giang tay.... PhÃ²ng sáº¡ch^ Ä‘áº¹p. NhÃ¢n viÃªn niá»m ná»Ÿ
9.0,PhÃ²ng ráº¥t tá»‘t trong táº§m.... 
7.2,Ok. Ok
10.0,Xuáº¥t sáº¯c. 
6.8,KhÃ¡ch sáº¡n giÃ¡ há»£p lÃ½. KhÃ¡ch sáº¡n á»Ÿ bÃ£i sau^ Ä‘i bá»™ 2p Ä‘áº¿n biá»ƒn^ thuÃª cÄƒn gÃ³c sáº½ tháº¥y Ä‘Æ°á»£c view biá»ƒn^ giÃ¡ há»£p lÃ½^ phÃ²ng khÃ´ng quÃ¡ rá»™ng^ cÃ³ cho thuÃª xe mÃ¡y giÃ¡ 130-150/ngÃ y^ nhÃ¢n viÃªn kiá»ƒu gia Ä‘Ã¬nh^ lá»‹ch sá»±
9.0,Tuyá»‡t háº£o. 
10.0,Chá»— nghá»‰ ngÆ¡i lÃ½ tÆ°á»Ÿng. KhÃ¡ch sáº¡n ráº¥t lá»›n^ tá»± free up lÃªn phÃ²ng rá»™ng hÆ¡n vÃ¬ phÃ²ng mÃ¬nh Ä‘áº·t gáº·p sá»± cá»‘^ Ä‘áº§y Ä‘á»§ tiá»‡n nghi^ giÃ¡ tá»‘t^ nhÃ¢n viÃªn dá»… thÆ°Æ¡ng^ gia Ä‘Ã¬nh mÃ¬nh Ä‘Ã£ cÃ³ 1 ká»³ nghá»‰ tuyá»‡t vá»i ğŸ˜Š
9.0,Oke. 
6.0,Táº¡m. Cá»­a kÃ­nh tiáº¿p xÃºc vá»›i giÃ³ biá»ƒn khÃ´ng Ä‘Æ°á»£c vá»‡ sinh nÃªn má»Ÿ cá»­a sá»• dÆ¡.. PhÃ²ng cÃ²n rÃ¡c chÆ°a dá»n xong Ä‘Ã£ cho láº¥y phÃ²ng^ phÃ²ng dÆ°á»ng nhÆ° vá»«a Ä‘Æ°á»£c tráº£ (hÆ¡i láº¡nh mÃ¡y láº¡nh váº«n cÃ²n).. Ga ná»‡m^ gá»‘i hÆ¡i dÆ¡.. 1 anh trung niÃªn ngá»“i lá»… tÃ¢n nÃ³i chuyá»‡n chuyÃªn nghiá»‡p Ä‘áº¿n má»©c khÃ´ng niá»m ná»Ÿ.. Vá»›i giÃ¡ 700k/Ä‘Ãªm thÃ¬ sáº½ khÃ´ng quay láº¡i.
7.0,Tá»‘t. 
10.0,Tiá»‡n lá»£i. Gáº§n cá»­a hÃ ng tiá»‡n lá»£i^ biá»ƒn vÃ  nhiá»u Ä‘á»‹a Ä‘iá»ƒm Äƒn uá»‘ng. PhÃ²ng sáº¡ch thÆ¡m thoÃ¡ng mÃ¡t^ nÆ°á»›c nÃ³ng á»•n Ä‘á»‹nh. NhÃ¢n viÃªn nhiá»‡t tÃ¬nh vÃ  thÃ¢n thiá»‡n.
9.0,NhÃ¢n viÃªn nhiá»‡t tÃ¬nh !. 
8.8,Tuyá»‡t vá»i. KhÃ¡ch sáº¡n khÃ¡ á»•n. Vá»‹ trÃ­ thuáº­n lá»£i
8.0,Ráº¥t tá»‘t. 
8.0,ok. ok
5.0,TÃ m táº¡m. 
10.0,Recommended. PhÃ²ng á»‘c sáº¡ch sáº½^ khÃ¡ch sáº¡n má»›i^ náº±m gáº§n biá»ƒn Ä‘i bá»™ gáº§n^ nhÃ¢n viÃªn vÃ  báº£o vá»‡ thÃ¢n thiá»‡n
9.2,Má»™t trong nhá»¯ng lá»±a chá»n.... 
10.0,QuÃ¡ tuyá»‡t vá»i! TrÃªn cáº£ tÆ°á»Ÿng tÆ°á»£ng.. Chá»— nghá»‰ cÃ³ vá»‹ trÃ­ quÃ¡ thuáº­n tiá»‡n^ ngay dá»‘c Nghinh Phong^ dÆ°á»›i chÃ¢n tÆ°á»£ng ChÃºa.. Má»i thá»© á»Ÿ Novena khÃ´ng cÃ³ gÃ¬ Ä‘á»ƒ chÃª vá»›i giÃ¡ phÃ²ng áº¥n tÆ°á»£ng nhÆ° váº­y: . * MÃ¬nh book cho gia Ä‘Ã¬nh 5 ngÆ°á»i ra nghá»‰ dÆ°á»¡ng 2 tuáº§n^ vá»«a Ä‘á»“ng thá»i trÃ¡nh dá»‹ch bá»‡nh Covid-19. Láº¥y 02 phÃ²ng 1 giÆ°á»ng lá»›n 21m2 vÃ  Ä‘Æ°á»£c free upgrade lÃªn 02 phÃ²ng 2 giÆ°á»ng lá»›n 25m2. * Agoda giáº£m hÆ¡n 50%^ Anh quáº£n lÃ½ cÃ²n giáº£m thÃªm 20% ná»¯a^ nÃªn tá»•ng cá»™ng mÃ¬nh Ä‘Æ°á»£c giáº£m hÆ¡n 70%  so vá»›i giÃ¡ cÃ´ng bá»‘ (quÃ¡ xÃ¡ ráº»). Vá»›i chÃ­nh sÃ¡ch giÃ¡ Æ°u Ä‘Ã£i tá»‘t nhÆ° váº­y^ NHÆ¯NG má»i thá»© tiá»‡n nghi láº¡i nghi láº¡i ráº¥t chá»‰n chu: lá»… tÃ¢n nhiá»‡t tÃ¬nh xÃ¡ch há»™ vali hÃ nh lÃ½ lÃªn phÃ²ng (khÃ´ng láº¥y tip)^ chÃº báº£o vá»‡ dá»… thÆ°Æ¡ng cho mÆ°á»£n xe mÃ¡y cháº¡y ra cháº¡y vÃ o suá»‘t (nhÆ°ng cháº³ng Ä‘Ã²i Ä‘á»“ng nÃ o)^ cÃ´ dá»n phÃ²ng háº±ng ngÃ y Ä‘á»u cung cáº¥p Ä‘á»§ khÄƒn táº¯m sáº¡ch vÃ  nÆ°á»›c suá»‘i.. ÄÃ³ lÃ  chÆ°a ká»ƒ Ä‘áº¿n Wifi 5G phá»§ sÃ³ng má»i gÃ³c trong phÃ²ng^ tá»‘c Ä‘á»™ khÃ¡ nhanh. Tá»§ láº¡nh cáº¯m Ä‘iá»‡n vÃ o vÃ  giá»¯ á»•n Ä‘á»‹nh khoáº£ng 08 tiáº¿ng Ä‘á»“ng há»“ thÃ¬ sáº½ hoáº¡t Ä‘á»™ng ráº¥t tá»‘t^ nÆ°á»›c Ä‘á»ƒ vÃ o ráº¥t mÃ¡t vÃ  lÃ m nÆ°á»›c Ä‘Ã¡ Ä‘Æ°á»£c luÃ´n.  . PhÃ²ng decor tÃ´ng nÃ¢u xÃ¡m tráº¯ng. Ná»™i tháº¥t ráº¥t má»›i vÃ  sáº¡ch sáº½. NÆ°á»›c máº¡nh^ nÃ³ng láº¡nh Ä‘á»§ cáº£^ WC thÃ´ng thoÃ¡ng & khÃ´ rÃ¡o. Diá»‡n tÃ­ch phÃ²ng khÃ¡ rá»™ng^ 03 máº·t lÃ  kÃ­nh^ cÃ³ balcony hÃºt vape-pod thoáº£i mÃ¡i. . Xe 07c Ä‘áº­u ngay Ä‘Æ°á»ng lá»›n trÆ°á»›c khÃ¡ch sáº¡n luÃ´n^ quay Ä‘áº§u^ de lui Ä‘á»u tiá»‡n.. NÃ³i chung mÃ¬nh Ä‘Ã¡nh giÃ¡ 8.5/10. Äá»™ Ä‘Ã¡ng tiá»n 9.5/10. LÃ  sá»± lá»±a chá»n lÃ½ tÆ°á»Ÿng cho nhá»¯ng ká»³ nghá»‰ dÃ i cá»§a nhÃ³m báº¡n & gia Ä‘Ã¬nh (vá»£ chá»“ng^ bá»‘ máº¹ lá»›n tuá»•i vÃ  tráº» nhá»). . P/S: CÃ¡c báº¡n tÃ¬nh nhÃ¢n náº¿u thÃ­ch cáº§u ká»³ thÃ¬ khÃ´ng nÃªn á»Ÿ Ä‘áº­y vÃ¬ cÃ¡ch Ã¢m khÃ´ng tá»‘t. CÃ²n khÃ¡ch muá»‘n khÃ¡m phÃ¡ thÃ¬ nÃªn canh deal cá»§a cÃ¡c KS 4^5* nhÆ° Malibu hay Pulkman sáº½ há»£p hÆ¡n. Vote 5* cho Novena - sá»± lá»±a chá»n hoÃ n háº£o.
8.0,Ráº¥t tá»‘t. 
8.4,GiÃ¡ tá»‘t. PhÃ²ng sáº¡ch. PhÃ¹ há»£p cho cÃ¡c chuyáº¿n cÃ´ng tÃ¡c.
7.0,Tá»‘t. 
10.0,KHÃCH Sáº N Tá»T. Vá»Š TRÃ Gáº¦N BIá»‚N^ GIÃ Tá»T. TÃ”I ÄÃƒ á» ÄÃ‚Y 4 Láº¦N Rá»’I
8.0,Ráº¥t tá»‘t. 
9.6,TrÃªn cáº£ tuyá»‡t vá»i. PhÃ²ng sáº¡ch sáº½^ gáº§n biá»ƒn^ Ä‘i ngÃ y thÆ°á»ng giÃ¡ ráº» ráº¥t ok nhÃ©
9.0,NÃªn tráº£i nghiá»‡m thá»­.... 
8.0,Vá»‹ trÃ­ gáº§n bÃ£i táº¯m thuá»³ vÃ¢n^ vá»‡ sinh sáº¡ch sáº½.. PhÃ²ng má»›i^ sáº¡ch sáº½. vá»‹ trÃ­ gáº§n bÃ£i sau nÃªn ráº¥t thÃ­ch há»£p cho ai thÃ­ch táº¯m biá»ƒn vÃ  dáº¡o biá»ƒn ban Ä‘Ãªm. NhÃ¢n viÃªn nhiá»‡t tÃ¬nh.
6.0,Táº¡m cháº¥p nháº­n. 
7.2,á»”n so vá»›i giÃ¡ !. PhÃ²ng thÆ°á»ng nhá» ^ sáº¡ch sáº½ ^ gáº§n biá»ƒn siÃªu thá»‹ tiá»‡n lá»£i . 
10.0,Xuáº¥t sáº¯c. 
10.0,KhÃ¡ch sáº¡n nÃªn á»Ÿ táº¡i VÅ©ng TÃ u. KS má»›i xÃ¢y vá»›i cÆ¡ sá»Ÿ váº­t cháº¥t tá»‘t Ä‘á»§ phá»¥c vá»¥ theo nhu cáº§u cá»§a khÃ¡ch du lá»‹ch. Vá»‹ trÃ­ tuyá»‡t vá»i gáº§n biá»ƒn bÃ£i sau^ khu vá»±c yÃªn tÄ©nh. NhÃ¢n viÃªn nhiá»‡t tÃ¬nh dá»… thÆ°Æ¡ng
10.0,Xuáº¥t sáº¯c. 
8.8,Ráº¥t á»•n. PhÃ²ng sáº¡ch sáº½ ^ lau dá»n kÄ© cÃ ng ^ bÆ°á»›c vÃ o ráº¥t thÆ¡m ^ nhÃ¢n viÃªn nhiá»‡t tÃ¬nh . Sáº½ giá»›i thiá»‡u
9.0,Ká»³ nghá»‰ thÃº vá»‹. Äáº¡t.... 
10.0,quÃ¡ tá»‘t cho ngÃ y xáº£ xÃ¬ stress. dá»‹ch vá»¥ tá»‘t^ gáº§n khu biá»ƒn^ giÃ¡ cáº£ há»£p lÃ­.
10.0,Xuáº¥t sáº¯c. 
6.0,Tiá»n nÃ o phÃ²ng Ä‘Ã³. Drap giÆ°á»ng vÃ  má»n k Ä‘c sáº¡ch sáº½ cho láº¯m khi nháº­n phÃ²ng. VÃ¬ nháº­n phÃ²ng lÃºc 23h nÃªn nghÄ© cÅ©ng k nÃªn phiá»n lá»… tÃ¢n hay phá»¥c vá»¥ phÃ²ng.. Ná»‡m khÃ³ ngá»§ sÃ¢u giáº¥c vÃ¬ quÃ¡ lÃºn. Má»™t trong hai ngÆ°á»i nhÃºc nhÃ­ch lÃ  sáº½ thá»©c giáº¥c theo. 
6.0,Dá»… chá»‹u. 
8.4,PhÃ²ng tá»‘t^ sáº¡ch sáº½ tiá»‡n nghi^ tuy nhiÃªn cá»­a sá»• khÃ¡ lá»ng. MÃ¬nh á»Ÿ phÃ²ng táº§ng 4^ tá»‘i giÃ³ ráº¥t máº¡nh. Cá»­a sá»• Ä‘Ã£ khoÃ¡ cháº·t nhÆ°ng giÃ³ lá»›n váº«n lÃ m nÃ³ run báº§n báº­t táº¡o ra Ã¢m thanh^ hÆ¡i khÃ³ ngá»§. Pháº£i kiáº¿m miáº¿ng giáº¥y chÃ¨n vÃ o ná»¯a thÃ¬ cá»­a má»›i im^ mÃ  vÃ i chá»¥c phÃºt váº«n run má»™t láº§n.
7.5,Tá»‘t. 
10.0,Good. Ks sáº¡ch sáº½^ csvc tá»‘t^ Ä‘á»‹a Ä‘iá»ƒm thuáº­n tiá»‡n^ chá»‰ cÃ³ cÃ¡ch Ã¢m chÆ°a tá»‘t
10.0,Xuáº¥t sáº¯c. 
9.6,TrÃªn cáº£ tuyá»‡t vá»i. Ráº¥t Ä‘Ã¡ng tiá»n^ phÃ²ng má»›i Ä‘áº¹p
7.5,Tá»‘t. 
8.4,ks  Ä‘áº¹p . ks Ä‘áº¹p ^ sáº¡ch sáº½
10.0,Ráº¥t tuyá»‡t vá»i^ nhá» khÃ¡ch.... 
10.0,TrÃªn cáº£ tuyá»‡t vá»i. Chá»— á»Ÿ gáº§n biá»ƒn^ phÃ²ng sáº¡ch sáº½^ Ä‘áº§y Ä‘á»§ tiá»‡n nghi
7.5,Tá»‘t. 
10.0,Ok . Gá»‘i hÆ¡i cao^ náº¿u thay báº±ng gá»‘i tháº¥p hÆ¡n thÃ¬ tá»‘t biáº¿t máº¥y ğŸ˜Š
8.0,HÃ i lÃ²ng. 
7.6,PhÃ²ng áº©m. Gá»‘i hÆ¡i vÃ g^toilet k Ä‘c sáº¡ch láº¯m^ rÃ¨m cá»­a dÃ­nh Ä‘á» Ä‘á» nhÃ¬n máº¥t tháº©m má»¹^goi nam cao khong dc em ^nen hoi dau dau
8.3,KhÃ¡ch sáº¡n ok. 
2.0,Táº¡m vÃ  tá»‡. Äáº·t vá»™i 1 Ä‘Ãªm trÃªn app lÃºc 21h vÃ¬ tá»« SG Ä‘i xe mÃ¡y 18h30 vÃ  cÃ³ ghi chÃº nháº­n phÃ²ng lÃºc 22h^ tráº£ 15h vÃ¬ cÃ³ bÃ©^ Ä‘á»ƒ cho bÃ© ngá»§ giáº¥c^ trá»i mÃ¡t rá»“i vá». NhÆ°ng sÃ¡ng há»i lá»… tÃ¢n mÃ¬nh thÃªm tiá»n Ä‘á»ƒ Ä‘áº¿n 15h tráº£ thÃ¬ ko Ä‘á»“ng Ã½ vÃ¬ báº£o t7 khÃ¡ch Ä‘Ã´ng nÃªn pháº£i tráº£ phÃ²ng 12h. MÃ¬nh váº«n ok vÃ  cho chá»Ÿ con vá» SG trong cÃ¡i náº¯ng gáº¯t vÃ  ngá»§ gá»¥c lÃªn xuá»‘ng. ks gáº§n biá»ƒn^ sau lÆ°ng nÃºi lá»›n^ nhÆ°ng phÃ²ng Ä‘Ã£ cÅ©^ wifi Ä‘Ãªm khuya^ ngÃ y Ä‘á»u load ko ná»•i. nÃªn cÃ¢n nháº¯c khi lá»±a chá»n. App chá»‰ cho oÃ¡nh 5* 
8.3,Ráº¥t tá»‘t. 
2.8,Ko áº¥n tÆ°á»£ng. NhÃ¢n viÃªn ko thÃ¢n thiá»‡n vá»›i khÃ¡ch
7.9,Tá»‘t. 
9.6,hÃ i lÃ²ng^ sáº½ quay láº¡i láº§n sau. ks vá»‹ trÃ­ gáº§n biá»ƒn^ Ä‘i bá»™ 5p lÃ  tá»›i. gáº§n cá»­a hÃ ng tiá»‡n lá»£i^ phÃ²ng á»‘c sáº¡ch sáº½^ rá»™ng rÃ£i^ Ä‘áº§y Ä‘á»§ tiá»‡n nghi khÃ´ng cÃ³ gÃ¬ Ä‘á»ƒ chÃª ngoáº¡i trá»« wifi quÃ¡ yáº¿u pháº£i dÃ¹ng 4G. cáº£ cÃ¡i ks chá»‰ cÃ³ duy nháº¥t 1 cá»¥c phÃ¡t wifi. hotel nÃªn cáº£i thiá»‡n thÃªm vá» váº¥n Ä‘á» nÃ y
8.8,Chá»— nghá»‰ tá»‘t^ gáº§n biá»ƒn. 
10.0,KhÃ¡ch sáº¡n sáº¡ch Ä‘áº¹p^ vá»‹ trÃ­ thuáº­n tiá»‡n. KhÃ¡ch sáº¡n ráº¥t yÃªn tÄ©nh^ sáº¡ch Ä‘áº¹p vÃ  vá»‹ trÃ­ ngay bÃ£i sau nÃªn ráº¥t thuáº­n tiá»‡n^ giÃ¡ cÅ©ng khÃ¡ ráº» khi book trÃªn agoda. Sáº½ quay láº¡i
6.3,Dá»… chá»‹u. 
6.0,Trung binh . GiÃ¡ ráº» 
6.7,Dá»… chá»‹u. 
6.0,á»”n. Má»i thá»© á»•n dÃ¹ giÃ¡ hÆ¡i cao do Ä‘i trong Ä‘á»£t Ä‘Ã´ng. KhÄƒn trong nhÃ  táº¯m ko sáº¡ch láº¯m
10.0,Há»£p lÃ½. 
9.2,TrÃªn cáº£ tuyá»‡t vá»i. PhÃ²ng cÃ¡ch Ã¢m chÆ°a tá»‘t^  cÃ²n láº¡i má»i thá»© tá»‘t 
5.8,NhÃ¬n chung lÃ  á»•n.. 
9.6,HÃ i LÃ²ng. Má»i thá»© ok. lá»… tÃ¢n lá»‹ch sá»±. phÃ²ng á»Ÿ^ lá»‘i Ä‘i sáº¡ch sáº½. 
7.5,Tá»‘t. 
8.0,Táº¡m Ä‘Æ°á»£c. KhÃ¡ch sáº¡n Ä‘áº¹p .dá»… tÃ¬m .vá»‹ trÃ­ thuáº­n lá»£i Ä‘á»ƒ ra vÃ o táº¯m biá»ƒn vÃ¬ á»Ÿ gáº§n bÃ£i Ä‘Æ°á»ng ThÃ¹y VÃ¢n. Sáº¡ch sáº½ vÃ  yÃªn tÄ©nh .  ChÃº báº£o vá»‡ vui tÃ­nh . Äiá»ƒm trá»« lÃ  hÃ´m Ä‘Ã³ mÃ¬nh gáº·p báº¡n ná»¯ lá»… tÃ¢n thiáº¿u chuyÃªn nghiá»‡p vÃ  tá» thÃ¡i Ä‘á»™ khÃ³ chá»‹u khi tiáº¿p mÃ¬nh .nÃªn  mÃ¬nh cÃ³ chÃºt khÃ´ng vui . VÃ¬ Ä‘ag khuyáº¿n mÃ£i náº»n giÃ¡ phÃ²ng ráº» .theo mÃ¬nh Ä‘Æ°á»£c biáº¿t trÃªn agoda giÃ¡ gá»‘c lÃ  1tr5 ( phÃ²ng mÃ¬nh) .nhÆ°ng mÃ¬nh Ä‘áº¿n ks mÃ  biáº¿t thÃ¬ khoáº£nh 750k .vÃ  vá»›i giÃ¡ phÃ²ng nhÆ° váº­y nhÆ°ng ná»™i tháº¥t trong phÃ²ng cÅ©ng khÃ´ng cÃ³ gÃ¬ Ä‘áº·c biá»‡t .nhÆ°ng dc cÃ¡i Ä‘á»“ cÃ²n má»›i .sáº¡ch sáº½ .Ä‘Ã¨n Ä‘Ã³m ok.tá»§ láº¡nh má»Ÿ nhÆ°ng cÃ³ váº» khÃ´ng láº¡nh vÃ  bá»‹ nhiá»…u nÆ°á»›c . VÃ  1 Ä‘iá»u ná»¯a lÃ  wifi quÃ¡ yáº¿u cho cáº£ trá»‡t 1 vÃ  2 .
10.0,Äáº·c biá»‡t. 
6.4,NÃªn chá»n khÃ¡ch sáº¡n khÃ¡c. Vá»‹ trÃ­ gáº§n tÆ°á»£ng ChÃºa^ bÃ£i biá»ƒn^ giÃ¡ phÃ²ng dÃ¹ mÃ¹a dá»‹ch giáº£m giÃ¡ nhÆ°ng chÆ°a tÆ°Æ¡ng xá»©ng vá»›i cháº¥t lÆ°á»£ng^ khÃ´ng cÃ³ Äƒn sÃ¡ng^ phÃ²ng nhá»  dÆ°á»›i táº§ng trá»‡t^ cÃ³ chá»— Ä‘á»ƒ xe mÃ¡y. ÄÃ¡nh giÃ¡ khÃ¡ch sáº¡n 2 sao.
10.0,Xuáº¥t sáº¯c. 
10.0,HÃ i lÃ²ng. KhÃ¡ch sáº¡n má»›i^ gáº§n biá»ƒn^ sáº¡ch sáº½ tiá»‡n nghi.
7.9,Tá»‘t. 
10.0,Ráº¥t tuyá»‡t cho 1 chuyáº¿n Ä‘i nghá»‰ dÆ°á»¡ng. Äiá»u duy nháº¥t thiáº¿u sÃ³t mÃ  mÃ¬nh cáº§n á»Ÿ Ä‘Ã¢y lÃ  1 cÃ¡i bÃ n á»§i thÃ´i^ VÃ¬ Ä‘i trÃªn 2 ngÃ y nÃªn  Ä‘á»“ nhÄƒn cáº£ rá»“i. nhÆ°ng bÃ¹ láº¡i nhá»¯ng thá»© khÃ¡c tuyá»‡t vá»i!. Sáº½ trá»Ÿ láº¡i khi cÃ³ thá»i gian rÃ£nh!
9.6,Xuáº¥t sáº¯c. 
9.6,Tuyá»‡t vá»i. Sáº¡ch sáº½ sáº½ tiá»‡n nghi má»›i láº¡nh^ tá»§ láº¡nh^ má»i thá»© Ä‘á»u tá»‘t. Xá»‹n xÃ². Chá»‰ má»™t viá»‡c cÃ¡ch Ã¢m hÆ¡i kÃ©m. tiáº¿ng bÆ°á»›c chÃ¢n vÃ  nÃ³i chuyá»‡n bÃªn ngoÃ i hÃ nh lang nghe ráº¥t rÃµ
8.3,Tá»‘t. 
8.8,Wifi is bad. Má»i thá»© ráº¥t ok trá»« wifi. MÃ¬nh khÃ´ng thá»ƒ sá»­ dá»¥ng wifi hoáº·c 3g khi á»Ÿ táº¡i phÃ²ng khÃ¡ch sáº¡n.
8.3,Ráº¥t Ä‘Ã¡ng tiá»n.. 
9.6,TrÃªn cáº£ tuyá»‡t vá»i. khÃ¡ch` sáº¡n má»›i^ sáº¡ch sáº½^ nhÆ°ng ná»‡m lÃ² xo náº±m khÃ¡ lÃºn^ gá»‘i thÃ¬ dÃ y nÃªn ngá»§ bá»‹ gáº­p cá»• khÃ´ng thoáº£i mÃ¡i.
7.5,Ráº¥t thÃº vá»‹. 
8.8,Ok. Tiá»‡n cho má»i vui chÆ¡i. HÃ i lÃ²ng
10.0,Xuáº¥t sáº¯c. 
9.6,KhÃ¡ch sáº¡n tá»‘t. KhÃ¡ch sáº¡n vá»‹ trÃ­ tá»‘t sach sáº½ thÃ¢n thiá»‡n giÃ¡ cáº£ há»£p lÃ½
7.1,KhÃ¡ch sáº¡n má»›i. 
10.0,Tá»‘t vá»›i giÃ¡ tiá»n. PhÃ²ng sáº¡ch Ä‘áº¹p. KhÃ¡ch sáº¡n vá»‹ trÃ­ thuáº­n lá»£i^ gáº§n biá»ƒn vÃ  cá»­a hÃ ng tiá»‡n lá»£i
10.0,Xuáº¥t sáº¯c. 
10.0,Tuyá»‡t vá»i!. KhÃ¡ch sáº¡n ráº¥t gáº§n biá»ƒn^ chá»‰ vá»›i khoáº£ng 100m lÃ  Ä‘Ã£ cÃ³ thá»ƒ ngÃ¢m mÃ¬nh dÆ°á»›i lÃ n nÆ°á»›c mÃ¡t láº¡nh. CÆ¡ sá»Ÿ váº­t cháº¥t sáº¡ch vÃ  khÃ¡ má»›i. GiÃ¡ á»•n vÃ  nhÃ¢n viÃªn ráº¥t nhiá»‡t tÃ¬nh.
9.2,Ráº¥t hÃ i lÃ²ng. 
10.0,PhÃ²ng sáº¡ch sáº½^ phÃ¹ há»£p giÃ¡ tiá»n. TÃ´i Ä‘áº¿n Ä‘áº­u xe ngoÃ i Ä‘Æ°á»ng^ Ä‘Ã³n tiáº¿p lá»‹ch sá»±^ checkin nhanh chÃ³ng^ lá»… tÃ¢n cho nháº­n phÃ²ng sá»›m lÃºc 12 giá».
7.5,Tá»‘t. 
10.0,NhÃ¢n viÃªn thÃ¢n thiá»‡n^ sang trá»ng^ Ä‘áº§y Ä‘á»§ tiá»‡n nghi. Náº±m gáº§n bÃ£i biá»ƒn^ xung quanh nhiá»u cá»­a hÃ ng tiá»‡n lá»£i^ sáº¡ch sáº½ sang trá»ng.
9.6,Xuáº¥t sáº¯c. 
8.8,Dá»ŠCH Vá»¤ Ráº¤T Tá»T. GiÃ¡ siÃªu á»•n Ã¡p^ nhÃ¢n viÃªn tá»« lá»… tÃ¢n Ä‘áº¿n báº£o vá»‡ ráº¥t dá»… thÆ°Æ¡ng^ phÃ²ng sáº¡ch sáº½ má»›i.. MÃ¬nh bá» quÃªn Ä‘Ã´i bÃ´ng tai táº¡i ks^ nhÃ¢n viÃªn táº­n tÃ¢m Ä‘i tÃ¬m giÃºp rá»“i ship vá» TP giÃºp mÃ¬nh luÃ´n. CÃ³ cÃ¡i láº§u 4 nÆ°á»›c hÆ¡i yáº¿u^ nÆ°á»›c cá»±c kÃ¬ lÃ¢u nÃ³ng^ ngoÃ i ra má»i thá»© Ä‘á»u ok háº¿t. Láº¡i trong táº§m giÃ¡ ráº¥t ok nha. Láº§n sau quay láº¡i Vt sáº½ láº¡i chá»n chá»— nÃ y.
8.3,Ráº¥t tá»‘t. 
8.4,KhÃ¡ch sáº¡n má»›i^ vá»‹ trÃ­ Ä‘áº¹p. KhÃ¡ch sáº¡n khÃ¡ má»›i vÃ  tiá»‡n nghi trong phÃ²ng cÅ©ng ráº¥t okay. NhÃ¢n viÃªn cÅ©ng khÃ´ng pháº£i lÃ  váº¥n Ä‘á»^ vá»‹ trÃ­ thuáº­n tiá»‡n 
9.2,Tuyá»‡t háº£o. 
8.4,KhÃ¡ch sáº¡n gáº§n biá»ƒn^ thuáº­n tiá»‡n. KhÃ¡ch sáº¡n sáº¡ch sáº½^ náº±m máº·t tiá»n Ä‘Æ°á»ng dá»… tÃ¬m.
9.6,GiÃ¡ cáº£ & tiá»‡n nghi á»•n . KhÃ¡ch sáº¡n má»›i nÃªn phÃ²ng á»‘c sáº¡ch sáº½ vÃ  khÃ¡ tiá»‡n nghi. CÃ¡ch bÃ£i táº¯m khoáº£ng 1 phÃºt Ä‘i bá»™^ xung quanh cÃ³ cá»­a hÃ ng tiá»‡n lá»£i vÃ  nhiá»u quÃ¡n Äƒn^ ráº¥t thuáº­n tiá»‡n cho viá»‡c vui chÆ¡i^ giáº£i trÃ­. 
8.0,Ráº¥t tá»‘t. Khach san ok^phong oc sach se tien nghi gan bien^ nhan vien khÃ´ng thÃ¢n thiá»‡n cho láº¯m ^CÃ³ duy nhat 1 Ä‘iá»u lÃ  báº£o vá»‡ xin tien khÃ¡ch cÃ´ng khai thÃ¬ mÃ¬nh cáº£m tháº¥y ráº¥t kÃ¬ cá»¥c .CÃ²n láº¡i ok. 
10.0,Ráº¥t hÃ i lÃ²ng. ÄÃ¢y lÃ  láº§n thá»© 3 mÃ¬nh trá»Ÿ láº¡i. Má»i thá»© ráº¥t hÃ i lÃ²ng.
10.0,Dá»… thÆ°Æ¡ng^ thÃ¢n thiá»‡n. Ks sáº¡ch sáº½^ gáº§n biá»ƒn^ chÃº báº£o vá»‡ vÃ´ cÃ¹ng dá»… thÆ°Æ¡ng vÃ  nhiá»‡t tÃ¬nh^ lá»… tÃ¢n vui váº» chu Ä‘Ã¡o^ má»i thá»© Ä‘á»u ráº¥t tá»‘t. GiÃ¡ cáº£ há»£p lÃ½^ Ä‘Ã¡p á»©ng Ä‘áº§u Ä‘á»§ nhu cáº§u cá»§a mÃ¬nh.
6.0,KhÃ¡ch sáº¡n á»•n trá»« 1 nhÃ¢n viÃªn. MÃ¬nh cÃ³ book phÃ²ng á»Ÿ Ä‘Ã¢y.. NhÆ°ng khi nháº­n phÃ²ng lÃºc tá»‘i nhÃ¢n viÃªn láº¡i Ä‘áº©y mÃ¬nh á»Ÿ phÃ²ng dÆ°á»›i sáº£nh^ kiá»ƒu do mÃ¬nh book phÃ²ng giÃ¡ ráº» hay sao nÃªn khÃ´ng niá»m ná»Ÿ^ láº¡i cÃ²n Ä‘áº©y sang phÃ²ng khÃ´ng Ä‘áº¹p vÃ  ngá»™p ná»¯a. Trong khi trÆ°á»›c Ä‘Ã³ mÃ¬nh cÃ³ call bÃ¡o cÃ³ gÃ¬ chá»«a em phÃ²ng trÃªn cao nÃ y ná»^ ok xong Ä‘áº¿n khi gáº·p thÃ¬ báº£o nhá»¯ng phÃ²ng trÃªn láº§u háº¿t phÃ²ng.. Rá»“i Ä‘ang sá»­a láº¡i nÃªn khÃ´ng á»Ÿ Ä‘Æ°á»£c.. MÃ£i má»™t lÃºc sau tháº¥y mÃ¬nh khÃ³ chá»‹u hay gÃ¬ má»›i Ä‘áº©y mÃ¬nh lÃªn láº§u trÃªn.. PhÃ²ng trÃªn thÃ¬ sáº¡ch sáº½ vÃ  thoÃ¡ng hÆ¡n. ThÃ  lÃºc Ä‘áº§u Ä‘á»ƒ Ä‘i thÃ¬ Ä‘á»¡ pháº£i tá»©c.. Chá»‰ nhÃ¢n viÃªn nam Ä‘Ã³ khÃ³ chá»‹u thÃ´i^ cÃ²n nhÃ¢n viÃªn cÃ²n láº¡i thÃ¬ niá»m ná»Ÿ. Cáº£m tháº¥y khÃ´ng Ä‘Æ°á»£c chÃ o Ä‘Ã³n láº¯m.. â–Äá»‹a Ä‘iá»ƒm: . gáº§n biá»ƒn^ Ä‘i vÃ i bÆ°á»›c Ä‘áº¿n biá»ƒn rá»“i. NhÆ°ng biá»ƒn ngay khu Ä‘Ã³ táº¯m cÅ©ng khÃ³^ toÃ n Ä‘Ã¡ nÃªn cÅ©ng pháº£i Ä‘i bá»™ xa xa má»›i táº¯m Ä‘Æ°á»£c. ÄÆ°á»£c cÃ¡i Ä‘á»‹a Ä‘iá»ƒm khÃ¡ch sáº¡n Ä‘i Ä‘Ã¢u cÅ©ng gáº§n
9.2,ÄÃ¡ng tiá»n - Vá»‹ trÃ­ tá»‘t. Vá»‹ trÃ­ tiá»‡n lá»£i cÃ¡ch bÃ£i sau chá»‰ cÃ³ 2p Ä‘i bá»™ thÃ´i^ Ä‘áº§u Ä‘Æ°á»ng cÃ³ Circle K ná»¯a. PhÃ²ng á»‘c rá»™ng^ thoáº£i mÃ¡i^ sáº¡ch sáº½^ hÆ°á»›ng biá»ƒn khÃ¡ Ä‘áº¹p^ nÃ³i chung mÃ¬nh hÃ i lÃ²ng vá» chuyáº¿n Ä‘i nÃ y.
10.0,Good. Ks sáº¡ch sáº½^ gáº§n biá»ƒn^ tiá»‡n nghi^ giÃ¡ há»£p lÃ½
10.0,Good. KhÃ¡ch sáº¡n sáº¡ch sáº½^ gáº§n biá»ƒn. Ráº¥t Ä‘Ã¡ng tiá»n.
10.0,Good. KhÃ¡ch sáº¡n sáº¡ch sáº½^ gáº§n biá»ƒn. Ráº¥t Ä‘Ã¡ng tiá»n.
9.2,Tuyá»‡t vá»i. Má»i thá»© Ä‘Ãªu tuyá»‡t^ nhÃ  vá»‡ sinh nÃªn gáº¯n thÃªm mÃ³c treo quáº§n Ã¡o!
4.4,Tháº¥t vá»ng vá»›i láº§n thá»© 2 quay láº¡i. ÄÃ¢y lÃ  láº§n thá»© 2 tÃ´i quay láº¡i Ä‘áº·t khÃ¡ch sáº¡n^ vÃ¬ láº§n Ä‘áº§u tiÃªn á»Ÿ giÃ¡ khÃ¡ ráº»^ khÃ¡ sáº¡ch^ nhÃ¢n viÃªn lá»… tÃ¢n khÃ¡ lá»‹ch sá»±. NhÆ°ng láº§n 2 nÃ y thá»±c sá»± ráº¥t tá»‡^ nhÃ¢n viÃªn lá»… tÃ¢n thiáº¿u sá»± niá»m ná»Ÿ vá»›i khÃ¡ch^ tiáº¿p Ä‘Ã³n khÃ´ng chu Ä‘Ã¡o nhÆ° láº§n Ä‘áº§u. YÃªu cáº§u vá» phÃ²ng yÃªn tÄ©nh cá»§a mÃ¬nh cÅ©ng khÃ´ng Ä‘Æ°á»£c khÃ¡ch sáº¡n sáº¯p xáº¿p^ xáº¿p mÃ¬nh cÃ¡i phÃ²ng ngay thang mÃ¡y^ ngay quáº§y lá»… tÃ¢n lÃ m sao mÃ  yÃªn tÄ©nh Ä‘Æ°á»£c. Vá» wifi thá»±c sá»± Ä‘á»‰nh cao^ liÃªn tá»¥c ngáº¯t káº¿t ná»‘i^ káº¿t ná»‘i Ä‘Æ°á»£c thÃ¬ máº¡ng ping ráº¥t cao^ lag cá»±c kÃ¬. Cháº¯c sáº½ khÃ´ng cÃ³ sá»± quay láº¡i láº§n sau  
4.0,NhÃ¢n ViÃªn VÃ  Tiá»‡n Nghi. TÃ´i Ä‘áº·t phÃ²ng 1 Ä‘Ãªm cho 3 ngÆ°á»i^ nhÆ°ng Ä‘áº¿n check in thÃ¬ cÃ´ lá»… tÃ¢n cÃ³ váº» khÃ³ chá»‹u vÃ  khÃ´ng happy vá»›i khÃ¡ch^ kiá»ƒu cÃ¡ch nÃ³i chuyá»‡n khÃ´ng tÃ´n trá»ng khÃ¡ch hÃ ng^ khÃ´ng biáº¿t khÃ¡ch nhiá»u hay lÃ  má»‡t má»—i quÃ¡ nÃ³i chuyá»‡n vá»›i khÃ¡ch hÃ ng thÃ¬ ngá»“i gháº¿ lÃ  khÃ´ng tÃ´n trá»ng khÃ¡ch. LÃ  ngÆ°á»i du lich tÃ´i há»i 1 sá»‘ Ä‘á»‹a Ä‘iá»ƒm nÆ¡i Ä‘Ã¢y thÃ¬ thÃ¡i Ä‘á»™ chá»‰ Ä‘á»‹a chá»‰ nhÆ° báº¥t cáº§n. KhÃ´ng cháº¥p nháº­n Ä‘Æ°á»£c.. Wifi phÃ²ng thÃ¬ bi hÆ° khÃ´ng sá»¯ dá»¥ng Ä‘Æ°á»£c.!
8.4,Vá»‹ trÃ­ Ä‘áº¯c Ä‘á»‹a^ báº£o vá»‡ nhiá»‡t tÃ¬nh.. VÅ©ng TÃ u thÃ¬ khÃ´ng xa láº¡ gÃ¬ vá»›i má»i ngÆ°á»i.. Vá»‹ trÃ­ ráº¥t thuáº­n tiá»‡n Ä‘i ra biá»ƒn chá»‰ vÃ i phÃºt^ cÃ³ sáºµn Circle K 2 phÃºt Ä‘i bá»™.. ChÃº báº£o vá»‡ nhiá»‡t tÃ¬nh hÆ°á»›ng dáº«n Ä‘áº­u xe vÃ  trÃ´ng xe cÅ©ng nhÆ° khÃ¡ch Ä‘áº¿n vÃ  Ä‘i.. Lá»… TÃ¢n á»•n^ nhÆ°ng báº¡n nam lá»… TÃ¢n ca chiá»u hÆ¡i lÃ m mÃ¬nh hoang mang vÃ¬ lÃºc ra ngoÃ i gá»­i chÃ¬a khoÃ¡ phÃ²ng láº¡i^ báº¡n khÃ´ng cáº¥t xuá»‘ng ká»‡ mÃ  Ä‘á»ƒ luÃ´n trÃªn quáº§y. MÃ¬nh Ä‘á»©ng 1 lÃºc xem báº¡n cÃ³ ra cáº¥t xuá»‘ng khÃ´ng nhÆ°ng khÃ´ng^ váº«n Ä‘á»ƒ Ä‘Ã³^ mÃ¬nh pháº£i quay vÃ o bá» xuá»‘ng giÃ¹m báº¡n. Thá»­ Ä‘áº·t suy nghÄ© cÃ³ ai Ä‘Ã³ Ä‘i ngang qua vÃ  tiá»‡n tay láº¥y Ä‘i lÃªn phÃ²ng lá»¥c lá»i Ä‘á»“ Ä‘áº¡c thÃ¬ sáº½ nhÆ° tháº¿ nÃ o^ camera chá»‰ lÃ  cÃ´ng cá»¥ quay láº¡i sá»± viá»‡c Ä‘Ã£ xáº£y ra. Cáº§n kháº¯c phá»¥c láº¡i cÃ¡ch lÃ m viá»‡c nÃ y. NgoÃ i ra báº¡n nhÃ¢n viÃªn Ä‘Ã³ á»•n^ nÃ³i chuyá»‡n lá»‹ch sá»± dá»… thÆ°Æ¡ng.. CÆ¡ sá»Ÿ váº­t cháº¥t tá»‘t^ giÆ°á»ng Ãªm mÃ¡y láº¡nh máº¡nh ti vi rÃµ.. Bathroom cÃ³ nÆ°á»›c nÃ³ng suá»‘t Ä‘Ãªm^ thÃ­ch Ä‘iá»ƒm nÃ y vÃ¬ 1 vÃ i khÃ¡ch sáº¡n sá»­ dá»¥ng nÄƒng lÆ°á»£ng máº·t trá»i nÃªn ban Ä‘Ãªm khÃ´ng cÃ³ nÆ°á»›c nÃ³ng.. Sáº½ quay láº¡i.
7.2,khÃ¡ch sáº¡n á»•n. khÃ¡ch sáº¡n á»•n vá»›i táº§m giÃ¡^ khÃ´ng quÃ¡ xa biá»ƒn^náº±m á»Ÿ bÃ£i sau^ thang mÃ¡y nhá»^ phÃ²ng cÃ¡ch Ã¢m ko tá»‘t^ cÆ¡ sá»Ÿ váº­t cháº¥t á»•n^ ko quÃ¡ tá»‡ nhÆ°ng ko quÃ¡ sáº¡ch sáº½.
9.6,TrÃªn cáº£ tuyá»‡t vá»i. So vá»›i táº§m giÃ¡ thÃ¬ phÃ²ng á»‘c rá»™ng rÃ£i^ sáº¡ch sáº½^ gáº§n bÃ£i biá»ƒn^ thuáº­n tiá»‡n Ä‘i láº¡i. NhÃ¢n viÃªn vui váº» thÃ¢n thiá»‡n.
7.2,Ráº¥t tá»‘t. PhÃ²ng tÆ°Æ¡ng Ä‘á»‘i má»›i sáº¡ch sáº½^ nhÆ°ng gá»‘i Ä‘á»“ mÃ u tráº¯ng bá»‹ thÃ¢m vÃ ng nÃªn nhÃ¬n cáº£m giÃ¡c dÆ¡.. vá»‹ trÃ­ okie^ cá»­a sá»• thoÃ¡ng nhÆ°ng khÃ´ng cÃ³ view biá»ƒn vÃ¬ tháº¥p táº§ng
10.0,Tá»‘t. Dá»‹ch vá»¥ tá»‘t^ khÃ¡ch sáº¡n sáº¡ch sáº½ vÃ  gáº§n biá»ƒn
9.6,Má»i thá»© Ä‘á»u tá»‘t^ trá»« cÃ¡i giÆ°á»ng. GiÆ°á»ng cá»§a khÃ¡ch sáº¡n lÃ  loáº¡i má»m^ trong khi mÃ¬nh quen náº±m giÆ°á»ng cá»©ng. MÃ¬nh vÃ  báº¡n gÃ¡i mÃ¬nh Ä‘á»u Ä‘á»‘ng Ã½ ráº±ng giÆ°á»ng náº±m ráº¥t Ä‘au lÆ°ng^ áº£nh hÆ°á»Ÿng Ä‘áº¿n tráº£i nghiá»‡m cá»§a mÃ¬nh. CÃ¡i nÃ y cÃ³ thá»ƒ lÃ  cáº£m nháº­n cÃ¡ nhÃ¢n cá»§a mÃ¬nh. CÃ³ thá»ƒ nhiá»u ngÆ°á»i khÃ¡c thÃ­ch loáº¡i giÆ°á»ng má»m nhÆ° nÃ y.
10.0,Ráº¥t hÃ i lÃ²ng. PhÃ²ng ngá»§ ráº¥t thoáº£i mÃ¡i vÃ  tiá»‡n nghi 
10.0,Ráº¥t hÃ i lÃ²ng. NhÃ  vá»‡ sinh hÆ¡i nhá» nhÆ°ng phÃ²ng ngá»§ ráº¥t thoáº£i mÃ¡i vÃ  tiá»‡n nghi 
8.4,PhÃ²ng sáº¡ch sáº½^ tiá»‡n nghi^ Ä‘áº¹p. Gáº§n biá»ƒn^ cÃ³ chá»• Ä‘áº­u xe hÆ¡i^ Äƒn váº·t.
10.0,TrÃªn cáº£ tuyá»‡t vá»i. Ráº¥t tá»‘t 
5.6,TrÃªn Trung BÃ¬nh. KhÃ¡ch sáº¡n cÅ©^ thang mÃ¡y hÆ¡i cÅ©
6.4,Review cho gd cÃ³ tráº» nhá». MÃ¬nh cÃ³ Ä‘áº·t phÃ²ng trÃªn Agoda loáº¡i phÃ²ng View Sea cho Gd cÃ³ tráº» nhá» nhÆ°ng mÃ¬nh hÆ¡i tháº¥t vá»ng 1 chÃºt  vÃ¬ á»Ÿ táº§ng 3 táº§ng gáº§n cao nháº¥t mÃ  View thá»±c sá»± ko tá»‘t nhÆ° mong Ä‘á»£i. PhÃ²ng dá»n dáº¹p khÃ¡ sáº¡ch sáº½ nhÆ°ng cÃ³ muá»—i cháº¯c do sÃ¡t nÃºi  vÃ  xung quanh ks cÃ³ nhiá»u cÃ¢y cá»‘i. phÃ²ng chá»‰ 21m nÃªn khÃ¡ nhá»^ giÆ°á»ng Ä‘Ã´i nhung 2 vk ck vÃ  1 Ä‘á»©a con 4t ngá»§ thÃ¬ hÆ¡i cháº­t ^ ná»™i tháº¥t cÅ©ng ko dc má»›i. PhÃ²ng reception khÃ¡ nÃ³ng do khÃ´ng cÃ³ mÃ¡y láº¡nh^ thá»i gian tráº£ phÃ²ng lÃ  12h nhung tá»›i 2h chiá»u mÃ¬nh má»›i nháº­n dc phÃ²ng. khÃ´ng cÃ³ nhÃ  Äƒn.
7.6,KhÃ¡ch sáº¡n má»›i . Táº¥t cáº£ ok^ chá»‰ tháº¯c máº¯c sao báº£o vá»‡ xin tiá»n tÃ­p 
8.8,Táº¡m á»•n. PhÃ²ng cÃ¡ch Ã¢m chÆ°a tá»‘t. KhÃ¡ch sáº¡n má»›i^ gáº§n tiá»‡m Äƒn uá»‘ng nÃªn ráº¥t tiá»‡n^ nhÃ¢n viÃªn á»•n.. TÃ´i bá»‹ lÃºng tÃºng khi báº£o vá»‡ xin tiá»n tip^ cÅ©ng may cÃ³ sáºµn tá» 50k Ä‘Æ°a luÃ´n^ náº¿u ko cÃ³ tiá»n láº» thÃ¬ ko biáº¿t tÃ­nh sao?!
9.6,Sáº¡ch sáº½^ vá»‹ trÃ­ gáº§m biá»ƒn. PhÃ²ng sáº¡ch sáº½^ vá»‹ trÃ­ gáº§n biá»ƒn 
9.2,KhÃ¡ch sáº¡n khÃ¡ Ä‘áº¹p vÃ  sáº¡ch sáº½. Tuy nhiÃªn khÃ´ng cÃ¡ch Ã¢m^ tiáº¿ng nÃ³i chuyá»‡n phÃ²ng káº¿ bÃªn hay tiáº¿ng á»“n ngoÃ i cá»­a Ä‘á»u nghe rÃµ. Tuá»³ nhiÃªn váº«n hÃ i lÃ²ng vá» Ä‘á»™ sáº¡ch sáº½^ khung cáº£nh vÃ  giÃ¡ cáº£
9.2,TrÃªn cáº£ tuyá»‡t vá»i. KhÃ¡ch sáº¡n khÃ¡ má»›i vÃ  sáº¡ch sáº½. Tuy nhiÃªn cÃ¡ch Ã¢m khÃ´ng Ä‘Æ°á»£c tá»‘t láº¯m
6.0,TrÃªn Trung BÃ¬nh. Ks sáº¡ch sáº½^ chá»— Ä‘áº­u xe an toÃ n^ bÃ¡c báº£o vá»‡ nhiá»‡t tÃ¬nh vÃ  cÃ³ tÃ¢m...
5.2,Giao phÃ²ng trá»…^ hÆ¡n 15h má»›i cÃ³ phÃ²ng.. KhÃ´ng cÃ³ gÃ¬ Ä‘áº·c sáº¯c!
8.0,KhÃ¡ch sáº¡n sáº¡ch sáº½^ vá»‹ trÃ­ Ä‘áº¹p^ giÃ¡ ráº¥t tá»‘t. KhÃ¡ch sáº¡n sáº¡ch sáº½^ vá»‹ trÃ­ Ä‘áº¹p^ giÃ¡ ráº¥t tá»‘t
8.4,KhÃ¡ch sáº¡n sáº¡ch sáº½^ vá»‹ trÃ­ Ä‘áº¹p^ giÃ¡ ráº¥t tá»‘t. KhÃ¡ch sáº¡n sáº¡ch sáº½^ vá»‹ trÃ­ Ä‘áº¹p^ giÃ¡ ráº¥t tá»‘t
9.2,PhÃ²ng sáº¡ch sáº½ gáº§n biá»ƒn. PhÃ²ng tiá»‡n nghi ^ sáº¡ch sáº½^ má»›i xÃ¢y nÃªn Ä‘á»“ Ä‘áº¡c váº«n cÃ²n má»›i^ gáº§n biá»ƒn ^ ngay bÃ£i thuá»³ vÃ¢n. 
8.8,OK. NhÃ¬n chung ks tá»‘t tuy nhiÃªn khi lÃªn nháº­n phÃ²ng^ bÃ n trong phÃ²ng dÆ¡ chÆ°a lau dá»n. CÃ²n dÃ­nh thá»©c uá»‘ng Ä‘á»• trÆ°á»›c Ä‘Ã³. Wifi láº§u 2 quÃ¡ yáº¿u.. HÃ i lÃ²ng vá»›i dá»‹ch vá»¥^ hy vá»ng láº§n sau kháº¯c phá»¥c.
5.2,Táº¡m á»•n. GiÃ¡ hÆ¡i cao do Ä‘i dá»‹p 30/4.. KhÃ¡ch sáº¡n lá»›n váº­y mÃ  ko cÃ³ Ä‘á»“ khui rÆ°á»£u. ChÃ©n Ä‘Å©a cÃ³ mÆ°á»£n thÃ¬ liÃªn há»‡ báº£o vá»‡ xÃ i kÃ©.
10.0,tuyá»‡t vá»i. 5 sao
6.4,Tiá»‡n Ã­ch phÃ²ng. Wifi quÃ¡ tá»‡^ á»“n ko cÃ¡ch Ã¢m^ nhÃ¢n viÃªn thÃ¬ ko há»— trá»£ thÃªm Ä‘c 30-1h check out^ trong khi cÃ¡c ks tá»« trc giá» á»Ÿ Vtau xin há» Ä‘á»u há»— trá»£ ( dÃ¹ Ä‘Ã³ lÃ  case Ä‘á»ƒ dá»± phÃ²ng viá»‡c ra ngoÃ i vá» check out trá»… ^ nhÆ°ng Ä‘a pháº§n Ä‘Ãºng h ). NÃ³i tÃ³m láº¡i view gáº§n biá»ƒn oke^ cÃ²n láº¡i ko thÃ­ch láº¯m.. náº¿u háº¿t phÃ²ng á»Ÿ Vtau thÃ¬ book ko thÃ¬ ko nÃªn book Ä‘Ã¢y ná»¯a
9.6,TrÃªn cáº£ tuyá»‡t vá»i. NhÃ¢n viÃªn thÃ¢n thiá»‡n!
7.6,KhÃ¡ch sáº¡n Novena. KhÃ¡ch sáº¡n á»Ÿ vá»‹ trÃ­ khÃ¡ tá»‘t^ khÃ´ng xa bÃ£i sau. Thuáº­n lá»£i Ä‘i cÃ¡c quÃ¡n xÃ¡ vÃ  Ä‘iá»ƒm vui chÆ¡i giáº£i trÃ­. PhÃ²ng sáº¡ch sáº½ vÃ  tiá»‡n nghi^ giÃ¡ cáº£ pháº£i chÄƒng^ nhÃ¢n viÃªn nhiá»‡t tÃ¬nh vÃ  chu Ä‘Ã¡o. Tuy nhiÃªn phÃ²ng cÃ¡ch Ã¢m chÆ°a Ä‘Æ°á»£c tá»‘t^ Ã¢m thanh bÃªn ngoÃ i vÃ  phÃ²ng cáº¡nh bÃªn vá»ng vÃ o nhiá»u. 
8.4,KhÃ¡ á»•n trá»« ná»‡m náº±m. Trang thiáº¿t bá»‹ Ä‘áº§y Ä‘á»§^ gáº§n biá»ƒn. Tuy nhiÃªn^ ná»‡m bá»‹ lÃºn mÃ¬nh náº±m sÃ¡ng bá»‹ Ä‘au cá»•. KhÃ¡ch sáº¡n nÃªn cáº£i thiá»‡n
6.0,HÃ i lÃ²ng. Lá»… tÃ¢n thÃ¢n thiá»‡n^ sáº¡ch sáº½ vÃ  thoÃ¡ng mÃ¡t
6.4,khÃ¡ch sáº¡n tÆ°Æ¡ng Ä‘á»‘i sáº¡ch^ á»•n nhÆ°ng ráº¥t nhiá»u muá»—i. khÃ¡ch sáº¡n tÆ°Æ¡ng Ä‘á»‘i sáº¡ch^ thiáº¿t bá»‹ cÅ©ng oK phÃ¹ há»£p vá»›i giÃ¡ trá»‹. Sa khi nháº­n phÃ²ng thÃ¬ phÃ¡t hiá»‡n má»n cÃ³ dáº¥u giáº§y^ Ä‘Ã£ bÃ¡o vá»›i tiáº¿p tÃ¢n vÃ  cÅ©ng Ä‘Ã£ xá»­ lÃ½^ phá»¥c vá»¥ ok!   nhÆ°ng trong phÃ²ng ráº¥t nhiá»u muá»—i. ngá»§ bá»‹ muá»—i Ä‘á»‘t^ táº¥m má»n ráº¥t náº·ng Ä‘Ã¨ vÃ o ngÆ°á»i cáº£m giÃ¡c náº·ng ná» .....
7.6,PhÃ²ng hÆ¡i bÃ­. PhÃ²ng thiáº¿t káº¿ hÆ¡i bÃ­^ náº¿u khÃ´ng báº­t mÃ¡y láº¡nh mÃ  Ä‘á»ƒ tá»± nhiÃªn thÃ¬ hÆ¡i bÃ­.. SÃ n gáº¡ch láº¡nh chÃ¢n vÃ  hÆ¡i trÆ¡n
10.0,Best hotel ever when in Vung Tau. Äi VT nhiá»u láº§n nhÆ°ng láº§n Ä‘áº§u book Ä‘c ks hÃ i lÃ²ng váº­y. Gáº§n Circle K^ gáº§n biá»ƒn^ gáº§n trung tÃ¢m^ gáº§n gÃ nh hÃ o^ phong oc sáº¡ch Ä‘áº¹p^ nv vui váº» ná»¯a. Toáº¹t!
6.0,á»”n. PhÃ²ng sáº¡ch sáº½^ trá»‹ vÃ­ trÃ­ á»•n - cÃ¡ch Ã¢m khÃ´ng tá»‘t
9.2,Good. KhÃ¡ch sáº¡n náº±m trÃªn trá»¥c Ä‘Æ°á»ng lá»›n nÃªn Ä‘áº­u xe thuáº­n lá»£i^ gáº§n biá»ƒn nhÆ°ng hÆ¡i xa trung tÃ¢m. PhÃ²ng sáº¡ch sáº½^ nhÃ¢n viÃªn lá»… tÃ¢n lá»… phÃ©p vÃ  thÃ¢n thiá»‡n. Xá»©ng Ä‘Ã¡ng giÃ¡ tiá»n.
6.0,tá»‘t. táº¡m á»•n
10.0,Dá»‹ch vá»¥ tá»‘t. NhÃ¢n viÃªn thÃ¢n thiá»‡n
10.0,KhÃ¡ch sáº¡n tuyá»‡t vá»i . PhÃ²ng á»‘c sáº¡ch sáº½ ^ gáº§n biá»ƒn . NhÃ¢n viÃªn thÃ¢n thiá»‡n ^ láº§n sau cÃ³ Ä‘i biá»ƒn sáº½ ghÃ© láº§n ná»¯a 
8.8,KhÃ¡ch sáº¡n vá»›i vá»‹ trá»‹ tuyá»‡t vá»i. Tá»‘c Ä‘á»™ vÃ  sÃ³ng wifi trong phÃ²ng tÆ°Æ¡ng Ä‘á»‘i yáº¿u^ Ã¡p suáº¥t nÆ°á»›c á»Ÿ vÃ²i sen  khÃ´ng máº¡nh.. + KhÃ¡ch sáº¡n sáº¡ch sáº½^ phÃ²ng hiá»‡n Ä‘áº¡i vá»›i vá»‹ trÃ­ tuyá»‡t vá»i^ gáº§n biá»ƒn vÃ  cÃ³ tiá»‡m tiá»‡n lá»£i má»Ÿ cá»­a 24/24 ngay gÃ³c Ä‘Æ°á»ng.
9.2,Ngon bá»• ráº». Hotel sáº¡ch sáº½^ phÃ²ng sáº¡ch^ voi giÃ¡ tiá»n thÃ¬ á»Ÿ Ä‘Ã¢y ráº¥t thoai mÃ¡i. Mong hotel giá»¯ mÃ£i phong Ä‘á»™ 
8.0,KhÃ¡ch sáº¡n má»›i. HÃ i lÃ²ng
8.4,KhÃ¡ch sáº¡n má»›i. KhÃ¡ch sáº¡n cÃ¡ch bÃ£i biá»ƒn máº¥y bÆ°á»›c chÃ¢n^ thuáº­n tiá»‡n cho Ä‘i láº¡i^ Äƒn uá»‘ng.
8.0,Vá»‹ trÃ­ tá»‘t^ Ä‘i bá»™ ra biá»ƒn 3 phÃºt.. Vá»‹ trÃ­ khÃ¡ch sáº¡n tá»‘t^ Ä‘i bá»™ ra biá»ƒn 3 phÃºt.  PhÃ²ng sáº¡ch sáº½^ khÃ¡ch sáº¡n má»›i xÃ¢y^ Ä‘áº§y Ä‘á»§ váº­t dá»¥ng.
8.8, tá»‘t . KhÃ¡ch sáº¡n má»›i^sach sáº½ 
7.6,gáº§n biá»ƒn. gáº§n bÃ£i biá»ƒn. tá»‘t trong táº§m giÃ¡
7.6,táº¡m á»•n. gáº§n bÃ£i biá»ƒn... tá»‘t trong táº§m giÃ¡.
8.8,KhÃ¡ch sáº¡n Ä‘áº¹p vÃ  sáº¡ch sáº½ . PhÃ²ng sáº¡ch vÃ  Ä‘áº¹p^ vá»‹ trÃ­ gáº§n biá»ƒn. NhÃ¢n viÃªn nhiá»‡t tÃ¬nh^ cÃ³ Ä‘iá»u phÃ²ng cÃ¡ch Ã¢m hÆ¡i tá»‡
8.0,Táº¡m á»•n. KhÃ¡ch sáº¡n gáº§n bÃ£i biá»ƒn Thuáº­n tiá»‡n cho viá»‡c Ä‘i láº¡i CÃ²n máº·t báº±ng chung cá»§a khÃ¡ch sáº¡n thÃ¬ táº¡m á»•n
10.0,Sáº½ quay láº¡i. PhÃ³ng tá»‘t hÆ¡n mong Ä‘á»£i^ nhá» nhÆ°ng sÃ¡ng sá»§a sáº¡ch sáº½^ nhÃ¢n viÃªn thÃ¢n thiá»‡n^ cÆ¡ sá»Ÿ váº­t cháº¥t tá»‘t^ wifi máº¡nh^ gáº§n chá»£ Ä‘Ãªm - Ä‘á»“i con heo - nÃºi lá»›n....
5.6,HÆ¡i tháº¥t vá»ng. 565k cho 1 Ä‘Ãªm^ hÆ¡i tháº¥t vá»ng vÃ¬ hÃ¬nh áº£nh Ä‘áº·t vÃ  thá»±c táº¿ hÆ¡i khÃ¡c so vá»›i view^ cho mÃ¬nh á»Ÿ táº§ng trÃªt^ káº¿ bÃªn quáº§y lá»… tÃ¢n^ bÃªn hÃ´ng cÃ³ 1 cá»­a sá»•^ nhÃ¬n ra lÃ  sÃ¢n bÃªn cáº¡nh cá»§a khÃ¡ch sáº¡n^ dÃ¹ng Ä‘á»ƒ chá»©a thiáº¿t bá»‹ bÆ¡m nÆ°á»›c.
4.4,ThÃ¡i Ä‘á»™ nhÃ¢n viÃªn khÃ´ng tá»‘t. PhÃ²ng khÃ¡ nhá»^ hÆ¡i ngá»™p^ Ä‘áº·c biá»‡t lÃ  thÃ¡i Ä‘á»™ anh tiáº¿p tÃ¢n khÃ¡ lÃ  cháº£nh^ giá»ng nÃ³i cá»™c lá»‘c^ ko táº¡o sá»± thoáº£i mÃ¡i. HÃ¬nh áº£nh thÃ¬ phÃ²ng cÃ³ cá»­a sá»•^ Ä‘áº¿n khi nháº­n phÃ²ng thÃ¬ 4 vÃ¡ch tÆ°á»ng^ khÃ¡ ngá»™p. PhÃ²ng sáº¡ch sáº½^ gáº§n biá»ƒn. 
8.4,Tá»‘t. PhÃ²ng tá»‘t^ sáº¡ch sáº½^ vá»‹ trÃ­ ra biá»ƒn khÃ¡ gáº§n. Äiá»ƒm trá»« lÃ  nhÃ¢n viÃªn khÃ´ng thÃ¢n thiá»‡n^ khi ngá»“i chá» xe dÆ°á»›i sáº£nh Ä‘á»ƒ vá» vÃ o buá»•i trÆ°a^ sáº£nh quÃ¡ nÃ³ng. CÃ¡ch Ã¢m khÃ´ng tá»‘t. KhÃ¡ch Ä‘á»©ng á»Ÿ hÃ nh lang nÃ³i chuyá»‡n^ cÃ³ thá»ƒ lÃ m á»“n Ä‘áº¿n cÃ¡c phÃ²ng.
8.4,HÃ i lÃ²ng. PhÃ²ng sáº¡ch sx^ Ä‘áº§y Ä‘á»§ tiá»‡n nghi. PhÃ²ng má»›i nÃªn tiá»‡n nghi Ä‘á»u má»›i^ nÆ°á»›c sá»­ dá»¥ng máº¡nh. Äi bá»™ ra bÃ£i biá»ƒn gáº§n. Sáº½ chá»n novena cho láº§n nghá»‰ tiáº¿p theo.
10.0,Äá»‹a Ä‘iá»ƒm gia Ä‘Ã¬nh thÆ°á»ng hay Ä‘áº¿n!. Gia Ä‘Ã¬nh mÃ¬nh thÆ°á»ng book á»Ÿ khÃ¡ch sáº¡n! 
3.2,KHÃCH Sáº N QUÃ Tá»†. MÃ¬nh book phÃ²ng qua Agoda vÃ  nháº­n phÃ²ng khÃ´ng Ä‘Ãºng vá»›i confirmation trong booking^ thÃ¡i Ä‘á»™ nv lá»… tÃ¢n cá»±c kÃ¬ tá»‡ vÃ  khÃ´ng giáº£i quyáº¿t Ä‘Æ°á»£c váº¥n Ä‘á» (máº·c dÃ¹ mÃ¬nh Ä‘á»“ng Ã½ phá»¥ thu vÃ¬ lÃºc check-in cÅ©ng 23h rá»“i^ mÃ¬nh ko muá»‘n 2 bÃ© nhá» chá» quÃ¡ lÃ¢u).. SÃ n nhÃ  táº¯m ráº¥t dÆ¡^ nÆ°á»›c vÃ²i sen thÃ¬ yáº¿u^ wifi cháº­p chá»n khÃ´ng vÃ o Ä‘Æ°á»£c^ gá»i lá»… tÃ¢n thÃ¬ nÃ³i Ä‘á»ƒ check xong im luÃ´n^ ko xá»­ lÃ­ Ä‘Æ°á»£c gÃ¬.
7.6,HÃ i lÃ²ng vá» khÃ¡ch sáº¡n. MÃ¬nh Ä‘áº·t 1 phÃ²ng giÆ°á»ng Ä‘Ã´i cho 2 vc vÃ  2 tráº» em^ theo quy Ä‘á»‹nh nháº­n phÃ²ng lÃºc 2h nhÆ°ng 1h lÃ  nv cho check in. Nv tu van la 1 giÆ°á»ng Ä‘Ã´i sáº½ ko Ä‘á»§ cho 4 ngÆ°á»i nÃªn Ä‘á» xuáº¥t mÃ¬nh Ä‘á»•i sang phÃ²ng 2 giÆ°á»ng Ä‘Æ¡n^ bÃ¹ thÃªm 100k^ Ä‘á»“ng thá»i do ko phai mua cao Ä‘iá»ƒm nen cÃ²n phÃ²ng trá»‘ng nÃªn nv sáº¯p cho mÃ¬nh phÃ²ng cÃ³ ban cÃ´ng^ 2 bÃ© ráº¥t thÃ­ch. PhÃ²ng sáº¡ch sáº½^ ráº¥t thoÃ¡ng^ sÃ¡ng^ nhÆ°ng Ä‘á»“ dÃ¹ng nhÆ° khÄƒn^ chÄƒn hÆ¡i cÅ©^ voi tam bi hu. KhÃ¡ch sáº¡n náº±m gáº§n cuá»‘i cá»§a bÃ£i biá»ƒn^ khÃ¡ yÃªn tÄ©nh vÃ  thoÃ¡ng^ buá»•i sÃ¡ng cÃ³ thá»ƒ Ä‘i dáº¡o ra biá»ƒn. ChÃº báº£o vá»‡ nhiá»‡t tÃ¬nh^ cÃ³ chá»— Ä‘á»ƒ xe Ã´ tÃ´ Tren duong trÆ°á»›c khÃ¡ch sáº¡n nhÆ°ng lÃºc mÃ¬nh check out hoi lau vi phai doi kiem phong. 
6.4,ÄÃ¡nh giÃ¡. KS sáº¡ch sáº½^ má»›i xÃ¢y dá»±ng nÄƒm 2018. NhÆ°ng trang thiáº¿t bá»‹ dá»… bá»‹ hÆ° há»ng nÃªn dá»… xáº£y ra tranh cÃ£i giá»¯a khÃ¡ch hÃ ng vÃ  nhÃ¢n viÃªn
6.0,KhÃ´ng hÃ i lÃ²ng. PhÃ²ng sáº¡ch sáº½^ nhÆ°ng má»™t sá»‘ thiáº¿t bá»‹ trong phong la hÃ ng mÃ£^ dá»… hÆ° há»ng vÃ  gÃ¢y tranh cháº¥p vá»›i khÃ¡ch hÃ ng
9.6,Dá»‹ch vá»¥ tá»‘t. Tuy nhiÃªn á»Ÿ phÃ²ng Ã¡p mÃ¡i khÃ´ng á»•n láº¯m^ á»Ÿ ngay cáº¡nh phÃ²ng Ä‘á»ƒ Ä‘á»“ hÆ¡i á»“n
6.8,Vá»‹ trÃ­ tá»‘t.. Trang bá»‹ cÆ¡ báº£n khÃ¡ tá»‘t cho 1 khÃ¡ch sáº¡n standard
9.2,TrÃªn cáº£ tuyá»‡t vá»i. Gáº§n biá»ƒn. wifi yáº¿u. nhÃ¢n viÃªn chÆ°a hiáº¿u khÃ¡ch láº¯m (ks Ä‘Ã¢u pháº£i cá»§a há» ğŸ¤£). sáº¡ch sáº½. phÃ²ng rá»™ng
4.0,THÃI Äá»˜ NHÃ‚N VIÃŠN Lá»„ TÃ‚N NAM Cá»°C KÃŒ Tá»†. MÃ¬nh á»Ÿ KS nÃ y kÃ¬ nghá»‰ ngáº¯n cuá»‘i tuáº§n vá»›i gia Ä‘Ã¬nh^ book qua Agoda vÃ  mÃ¬nh cÃ³ gá»i confirm láº¡i vá»›i KS^ thÃ¡i Ä‘á»™ vÃ  cÃ¡ch nc vá»›i báº¡n trá»±c Ä‘t ráº¥t tá»‡^ kiá»ƒu ko cáº§n KH^ hay táº¡i mÃ¬nh book qua Agoda.. Äáº¿n KS thÃ¬ báº¡n lá»… tÃ¢n nam nÃ³i chuyá»‡n vá»›i thÃ¡i Ä‘á»™ y chang^ ko cáº§n khÃ¡ch^ ko má»‰m cÆ°á»i^ ko vui váº»^ ráº¥t ráº¥t tá»‡^ ko há» cáº§n khÃ¡ch hay lá»‹ch sá»± vá»›i khÃ¡ch. á» VÅ©ng TÃ u^ sá»± canh tranh vá» KS ráº¥t lá»›n^ nÃªn KH cÃ³ ráº¥t nhiá»u lá»±a chá»n^ kiá»ƒu KS coi thÆ°á»ng khÃ¡ch nhÆ° váº­y thÃ¬ khÃ´ng Ä‘Ã¡ng Ä‘á»ƒ chá»n^ trÃ¡nh áº£nh hÆ°á»Ÿng kÃ¬ nghá»‰ cá»§a mÃ¬nh.. MÃ¬nh ráº¥t tháº¥t vá»ng vá» lá»±a chá»n láº§n nÃ y^ sáº½ KHÃ”NG BAO GIá»œ QUAY Láº I.
10.0,Gáº§n biá»ƒn . phÃ²ng má»›i^ view Ä‘áº¹p ^ná»‡m Ãªm^ thiáº¿t bá»‹ tá»‘t.. Tá»« khÃ¡ch sáº¡n Ä‘i bá»™ ra gáº§n biá»ƒn^ sáº¡ch Ä‘áº¹p vÃ  tá»‘t. MÃ¬nh Ä‘áº¿n sá»›m vÃ  gá»­i láº¡i hÃ nh lÃ½ Ä‘á»ƒ Ä‘i chÆ¡i Ä‘áº¿n 12h trÆ°a mÃ¬nh nháº­n phÃ²ng sá»›m hÆ¡n 2 tiáº¿ng. 
8.0,ChÄƒn má»n khÃ´ng sáº¡ch sáº½. KhÃ¡ch sáº¡n cÃ³ vá»‹ trÃ­ tá»‘t^ tuy nhiÃªn nhÃ¢n viÃªn khÃ´ng thÃ¢n thiá»‡n vui váº»^ khÃ´ng cÆ°á»i 1 láº§n nÃ o. Äáº·c biá»‡t ga giÆ°á»ng vÃ  chÄƒn cÃ³ nhiá»u cháº¥m báº©n mÃ u Ä‘á» cáº£m tháº¥y khÃ´ng sáº¡ch sáº½. 
10.0,KhÃ¡ch sáº¡n má»›i^ sáº¡ch sáº½. NhÃ¢n viÃªn thÃ¢n thiá»‡n 
9.2,tá»‘t trong táº§m giÃ¡. tá»‘t trong táº§m giÃ¡
10.0,1 trong nhá»¯ng khÃ¡ch sáº¡n tá»‘t nháº¥t á»Ÿ VÅ©ng tÃ u. KS nhá» nhÆ°ng sáº¡ch sáº½^ khu vá»±c yÃªn tÄ©nh vÃ  cÃ¡ch bÃ£i biá»ƒn 100m^ cÃ³ thang mÃ¡y vÃ  bancone. Ks nhá» nÃªn ko cÃ³ nhÃ  hÃ ng^ ko cÃ³ sÃ¢n Ä‘áº­u xe
6.8,á»”n. á»”n. GiÃ¡ táº¡i quáº§y cao hÆ¡n trÃªn cÃ¡c app ráº¥t nhiá»u
5.6,Vá»‹ trÃ­ Ä‘áº¹p^ giÃ¡ ráº» hÆ¡n 1 tÃ­ so vá»›i ná»™i tháº¥t thÃ¬ ok. Äi ra biá»ƒn 5 phÃºt^ ngay chá»— xuá»‘ng táº¯m tiá»‡n lá»£i^ ks nhÃ¬n Ä‘áº¹p^ phÃ²ng á»‘c thÃ¬ tÃ m táº¡m^ thiáº¿t káº¿ sao sao ko tháº¥y thoáº£i mÃ¡i^giÆ°á»ng nhá» ko pháº£i ná»‡m cao su^ náº±m Ä‘au lÆ°ng^ tá»‘i mÃ¬nh tháº¥y nÃ³ xáº¹t xáº¹t(khi mÃ¬nh má»Ÿ Ä‘Ã¨n trang Ä‘iá»ƒm) lÃ m sá»£ quÃ¡ táº¯t háº¿t Ä‘Ã¨n^tivi cÃ¡p ko pháº£i internet^  Ä‘áº·c biá»‡t lÃ  ko cÃ³ cÃ¡ch Ã¢m^ náº±m trong phÃ²ng mÃ  hÃ nh lang nÃ³i gÃ¬ cÅ©ng nghe áº§m áº§m^ tolet cÃ³ quáº¡t hÃºt mÃ  Ä‘i... phÃ¡t lÃ  trong phÃ²ng hÃ´i ko chá»‹u ná»•i Ä‘iá»ƒm nÃ y mÃ¬nh tháº¥y khÃ³ chá»‹u láº¯m lun^ p 402-404 lÃ  view nÃºi vá»›i tÆ°á»ng^ ks cÃ³ 4 láº§n cÃ³ thang mÃ¡y^ tiáº¿p tÃ¢n ko niá»m ná»Ÿ láº¯m^ nÃ³i chung vá»›i giÃ¡ táº§m 500k lÃ  há»£p lÃ½ chá»© 700k máº¯c.
